Title,Company,Location,Link
Golang 개발자,(주)와탭랩스,서울전체,https://www.saramin.co.kr/zf_user/jobs/relay/view?view_type=search&rec_idx=43344436&location=ts&searchword=golang&searchType=search&paid_fl=n&search_uuid=45840245-3e3b-4af8-acd7-47bd800e70b6
Golang 개발,(주)인터파크,서울,https://www.saramin.co.kr/zf_user/jobs/relay/view?view_type=search&rec_idx=40221378&location=ts&searchword=golang&searchType=search&paid_fl=n&search_uuid=45840245-3e3b-4af8-acd7-47bd800e70b6
[경력] Golang Back-end 개발자 모집,(주)비멕스,부산,https://www.saramin.co.kr/zf_user/jobs/relay/view?view_type=search&rec_idx=43017112&location=ts&searchword=golang&searchType=search&paid_fl=n&search_uuid=45840245-3e3b-4af8-acd7-47bd800e70b6
(주)아이센스 2022년 하반기 신입 및 경력 수시채용,(주)아이센스,서울,https://www.saramin.co.kr/zf_user/jobs/relay/view?view_type=search&rec_idx=43176607&location=ts&searchword=golang&searchType=search&paid_fl=n&search_uuid=45840245-3e3b-4af8-acd7-47bd800e70b6
2022년 각 부문별 신입 및 경력 모집,(주)파이오링크,서울,https://www.saramin.co.kr/zf_user/jobs/relay/view?view_type=search&rec_idx=43329879&location=ts&searchword=golang&searchType=search&paid_fl=n&search_uuid=45840245-3e3b-4af8-acd7-47bd800e70b6
전직무 대규모 공개채용(신입/경력),(주)케이아이엔엑스,서울,https://www.saramin.co.kr/zf_user/jobs/relay/view?view_type=search&rec_idx=43338677&location=ts&searchword=golang&searchType=search&paid_fl=n&search_uuid=45840245-3e3b-4af8-acd7-47bd800e70b6
[메가존클라우드] Developer & Designer 채용,메가존클라우드(주),서울,https://www.saramin.co.kr/zf_user/jobs/relay/view?view_type=search&rec_idx=40581593&location=ts&searchword=golang&searchType=search&paid_fl=n&search_uuid=45840245-3e3b-4af8-acd7-47bd800e70b6
㈜코인플러그 2022년 각 부문 신입/경력 채용,(주)코인플러그,경기,https://www.saramin.co.kr/zf_user/jobs/relay/view?view_type=search&rec_idx=43307267&location=ts&searchword=golang&searchType=search&paid_fl=n&search_uuid=45840245-3e3b-4af8-acd7-47bd800e70b6
HN (舊현대BS&C) [ IT부문/경영관리/건설] 각 부문별 채용공고,에이치엔아이엔씨(주),서울,https://www.saramin.co.kr/zf_user/jobs/relay/view?view_type=search&rec_idx=43315467&location=ts&searchword=golang&searchType=search&paid_fl=n&search_uuid=45840245-3e3b-4af8-acd7-47bd800e70b6
[이노그리드] 클라우드 R&D 개발자 및 엔지니어 특별채용,(주)이노그리드,서울,https://www.saramin.co.kr/zf_user/jobs/relay/view?view_type=search&rec_idx=43274170&location=ts&searchword=golang&searchType=search&paid_fl=n&search_uuid=45840245-3e3b-4af8-acd7-47bd800e70b6
Alchera 전 직군 상시 채용 (신입/경력),(주)알체라,경기,https://www.saramin.co.kr/zf_user/jobs/relay/view?view_type=search&rec_idx=43351873&location=ts&searchword=golang&searchType=search&paid_fl=n&search_uuid=45840245-3e3b-4af8-acd7-47bd800e70b6
[더블다운인터액티브] 2022 대규모 채용,(주)더블다운인터액티브,서울,https://www.saramin.co.kr/zf_user/jobs/relay/view?view_type=search&rec_idx=43238746&location=ts&searchword=golang&searchType=search&paid_fl=n&search_uuid=45840245-3e3b-4af8-acd7-47bd800e70b6
이에이트 2022 수시 채용,이에이트 주식회사,서울,https://www.saramin.co.kr/zf_user/jobs/relay/view?view_type=search&rec_idx=42910284&location=ts&searchword=golang&searchType=search&paid_fl=n&search_uuid=45840245-3e3b-4af8-acd7-47bd800e70b6
[그리드위즈] 본사 각 부문 신입/경력 채용,(주)그리드위즈,경기,https://www.saramin.co.kr/zf_user/jobs/relay/view?view_type=search&rec_idx=43205511&location=ts&searchword=golang&searchType=search&paid_fl=n&search_uuid=45840245-3e3b-4af8-acd7-47bd800e70b6
"JAVA / DBA / SE / 웹,앱 디자이너 / QA테스터 / 각 기획직무",(주)코리아폴리스쿨,서울,https://www.saramin.co.kr/zf_user/jobs/relay/view?view_type=search&rec_idx=42863330&location=ts&searchword=golang&searchType=search&paid_fl=n&search_uuid=45840245-3e3b-4af8-acd7-47bd800e70b6
"SW 개발자 모집(백엔드,프론트엔드,풀스택) - AI, 블록체인",(주)언더핀,서울,https://www.saramin.co.kr/zf_user/jobs/relay/view?view_type=search&rec_idx=42940637&location=ts&searchword=golang&searchType=search&paid_fl=n&search_uuid=45840245-3e3b-4af8-acd7-47bd800e70b6
"[캐롯손해보험]부문별 대규모 채용(보상,기획,IT,영업,스태프)",캐롯손해보험(주),서울,https://www.saramin.co.kr/zf_user/jobs/relay/view?view_type=search&rec_idx=43076617&location=ts&searchword=golang&searchType=search&paid_fl=n&search_uuid=45840245-3e3b-4af8-acd7-47bd800e70b6
[메가존클라우드] Blockchain(블록체인) 부문 채용,메가존클라우드(주),서울,https://www.saramin.co.kr/zf_user/jobs/relay/view?view_type=search&rec_idx=41942722&location=ts&searchword=golang&searchType=search&paid_fl=n&search_uuid=45840245-3e3b-4af8-acd7-47bd800e70b6
[IT상장사] (주)엔텔스 경력직 개발자 정규직 채용,(주)엔텔스,서울,https://www.saramin.co.kr/zf_user/jobs/relay/view?view_type=search&rec_idx=43134308&location=ts&searchword=golang&searchType=search&paid_fl=n&search_uuid=45840245-3e3b-4af8-acd7-47bd800e70b6
"(주)캐스트이즈 개발자 채용 (Wep-page, App개발)",(주)캐스트이즈,서울,https://www.saramin.co.kr/zf_user/jobs/relay/view?view_type=search&rec_idx=43175274&location=ts&searchword=golang&searchType=search&paid_fl=n&search_uuid=45840245-3e3b-4af8-acd7-47bd800e70b6
[클라우드개발] 데이터베이스 서비스 백엔드 개발자 영입,(주)카카오엔터프라이즈,경기전체,https://www.saramin.co.kr/zf_user/jobs/relay/view?view_type=search&rec_idx=43360046&location=ts&searchword=golang&searchType=search&paid_fl=n&search_uuid=45840245-3e3b-4af8-acd7-47bd800e70b6
Backend 개발자,콘텐츠웨이브(주),서울전체,https://www.saramin.co.kr/zf_user/jobs/relay/view?view_type=search&rec_idx=42526184&location=ts&searchword=golang&searchType=search&paid_fl=n&search_uuid=45840245-3e3b-4af8-acd7-47bd800e70b6
부산 본사 - [포코팡 시리즈] 서버 프로그래머 경력직 모집,트리노드 주식회사,부산,https://www.saramin.co.kr/zf_user/jobs/relay/view?view_type=search&rec_idx=43308908&location=ts&searchword=golang&searchType=search&paid_fl=n&search_uuid=45840245-3e3b-4af8-acd7-47bd800e70b6
NodeJS 개발자,(주)파토스,서울전체,https://www.saramin.co.kr/zf_user/jobs/relay/view?view_type=search&rec_idx=43275096&location=ts&searchword=golang&searchType=search&paid_fl=n&search_uuid=45840245-3e3b-4af8-acd7-47bd800e70b6
[더블다운인터액티브] 클라이언트/서버/인프라 개발자 모집,(주)더블다운인터액티브,서울,https://www.saramin.co.kr/zf_user/jobs/relay/view?view_type=search&rec_idx=43129861&location=ts&searchword=golang&searchType=search&paid_fl=n&search_uuid=45840245-3e3b-4af8-acd7-47bd800e70b6
클라우드 운영,(주)인터파크,서울전체,https://www.saramin.co.kr/zf_user/jobs/relay/view?view_type=search&rec_idx=40221067&location=ts&searchword=golang&searchType=search&paid_fl=n&search_uuid=45840245-3e3b-4af8-acd7-47bd800e70b6
(주)이엘그룹 플랫폼사업부문 경력직 채용,주식회사 이엘파크,서울,https://www.saramin.co.kr/zf_user/jobs/relay/view?view_type=search&rec_idx=43181520&location=ts&searchword=golang&searchType=search&paid_fl=n&search_uuid=45840245-3e3b-4af8-acd7-47bd800e70b6
"겟앤쇼 전분야 정규직(NFT/블록체인, 유튜브/잡지콘텐츠 등)채용",(주)겟앤쇼,서울,https://www.saramin.co.kr/zf_user/jobs/relay/view?view_type=search&rec_idx=43317070&location=ts&searchword=golang&searchType=search&paid_fl=n&search_uuid=45840245-3e3b-4af8-acd7-47bd800e70b6
[빗썸] 블록체인 개발,(주)빗썸코리아,서울전체,https://www.saramin.co.kr/zf_user/jobs/relay/view?view_type=search&rec_idx=42951489&location=ts&searchword=golang&searchType=search&paid_fl=n&search_uuid=45840245-3e3b-4af8-acd7-47bd800e70b6
"C#, Python, JAVA 소프트웨어 개발자 채용 (신입/경력)",(주)미래로시스템,경기,https://www.saramin.co.kr/zf_user/jobs/relay/view?view_type=search&rec_idx=43220126&location=ts&searchword=golang&searchType=search&paid_fl=n&search_uuid=45840245-3e3b-4af8-acd7-47bd800e70b6
[오디오플랫폼FLO] Backend(Junior) 개발자,(주)드림어스컴퍼니,서울전체,https://www.saramin.co.kr/zf_user/jobs/relay/view?view_type=search&rec_idx=43242322&location=ts&searchword=golang&searchType=search&paid_fl=n&search_uuid=45840245-3e3b-4af8-acd7-47bd800e70b6
MySQL 엔지니어 영입,(주)카카오페이증권,경기전체,https://www.saramin.co.kr/zf_user/jobs/relay/view?view_type=search&rec_idx=43357238&location=ts&searchword=golang&searchType=search&paid_fl=n&search_uuid=45840245-3e3b-4af8-acd7-47bd800e70b6
웹개발자 채용,(주)모니터랩,서울전체,https://www.saramin.co.kr/zf_user/jobs/relay/view?view_type=search&rec_idx=41650513&location=ts&searchword=golang&searchType=search&paid_fl=n&search_uuid=45840245-3e3b-4af8-acd7-47bd800e70b6
개발직군(Front-end/Back-end/Blockchain) 신입/경력 채용,(주)제나,서울,https://www.saramin.co.kr/zf_user/jobs/relay/view?view_type=search&rec_idx=42910151&location=ts&searchword=golang&searchType=search&paid_fl=n&search_uuid=45840245-3e3b-4af8-acd7-47bd800e70b6
[TNH] 백엔드 개발자,티엔에이치(주),부산전체,https://www.saramin.co.kr/zf_user/jobs/relay/view?view_type=search&rec_idx=42940257&location=ts&searchword=golang&searchType=search&paid_fl=n&search_uuid=45840245-3e3b-4af8-acd7-47bd800e70b6
블록체인 플랫폼 개발자,(주)위메이드,경기전체,https://www.saramin.co.kr/zf_user/jobs/relay/view?view_type=search&rec_idx=41546540&location=ts&searchword=golang&searchType=search&paid_fl=n&search_uuid=45840245-3e3b-4af8-acd7-47bd800e70b6
백엔드/프론트엔드 개발자 & 디자이너 모집,(주)비멕스,부산,https://www.saramin.co.kr/zf_user/jobs/relay/view?view_type=search&rec_idx=43344407&location=ts&searchword=golang&searchType=search&paid_fl=n&search_uuid=45840245-3e3b-4af8-acd7-47bd800e70b6
서버 성능 모니터링 에이전트 개발(신입),(주)와탭랩스,서울전체,https://www.saramin.co.kr/zf_user/jobs/relay/view?view_type=search&rec_idx=43344624&location=ts&searchword=golang&searchType=search&paid_fl=n&search_uuid=45840245-3e3b-4af8-acd7-47bd800e70b6
주니어 데브옵스 엔지니어(DevOps Engineer),(주)와탭랩스,서울전체,https://www.saramin.co.kr/zf_user/jobs/relay/view?view_type=search&rec_idx=43344469&location=ts&searchword=golang&searchType=search&paid_fl=n&search_uuid=45840245-3e3b-4af8-acd7-47bd800e70b6
"(주)소프트위즈 웹팀 web 프론트엔드, 백엔드 개발자 모집",(주)소프트위즈,서울,https://www.saramin.co.kr/zf_user/jobs/relay/view?view_type=search&rec_idx=43207921&location=ts&searchword=golang&searchType=search&paid_fl=n&search_uuid=45840245-3e3b-4af8-acd7-47bd800e70b6
(주)다나와 기업부설연구소 채용(웹개발/검색개발/시스템관리),㈜다나와,서울,https://www.saramin.co.kr/zf_user/jobs/relay/view?view_type=search&rec_idx=43074852&location=ts&searchword=golang&searchType=search&paid_fl=n&search_uuid=fecad288-9deb-4a36-8a88-b0097a7d82b0
코리아센터 웹 개발자 모집,(주)코리아센터,서울,https://www.saramin.co.kr/zf_user/jobs/relay/view?view_type=search&rec_idx=43209083&location=ts&searchword=golang&searchType=search&paid_fl=n&search_uuid=fecad288-9deb-4a36-8a88-b0097a7d82b0
[EY한영] 세무본부 PAS팀 IT 개발 담당 계약직 채용,한영회계법인,서울,https://www.saramin.co.kr/zf_user/jobs/relay/view?view_type=search&rec_idx=43294730&location=ts&searchword=golang&searchType=search&paid_fl=n&search_uuid=fecad288-9deb-4a36-8a88-b0097a7d82b0
[LINE PLUS] Backend Server Engineer,라인플러스(주),경기,https://www.saramin.co.kr/zf_user/jobs/relay/view?view_type=search&rec_idx=43078616&location=ts&searchword=golang&searchType=search&paid_fl=n&search_uuid=fecad288-9deb-4a36-8a88-b0097a7d82b0
[웅진씽크빅] 정규직 데이터 분석가&엔지니어 채용,(주)웅진씽크빅,서울,https://www.saramin.co.kr/zf_user/jobs/relay/view?view_type=search&rec_idx=43263314&location=ts&searchword=golang&searchType=search&paid_fl=n&search_uuid=fecad288-9deb-4a36-8a88-b0097a7d82b0
[아프리카TV 자회사](주)프리메타 블록체인 개발,(주)아프리카티비,경기,https://www.saramin.co.kr/zf_user/jobs/relay/view?view_type=search&rec_idx=43344727&location=ts&searchword=golang&searchType=search&paid_fl=n&search_uuid=fecad288-9deb-4a36-8a88-b0097a7d82b0
[오디오플랫폼FLO] Backend(Senior) 개발자,(주)드림어스컴퍼니,서울전체,https://www.saramin.co.kr/zf_user/jobs/relay/view?view_type=search&rec_idx=40715211&location=ts&searchword=golang&searchType=search&paid_fl=n&search_uuid=fecad288-9deb-4a36-8a88-b0097a7d82b0
[오디오플랫폼FLO] Cloud Engineer(DevOps),(주)드림어스컴퍼니,서울전체,https://www.saramin.co.kr/zf_user/jobs/relay/view?view_type=search&rec_idx=42626297&location=ts&searchword=golang&searchType=search&paid_fl=n&search_uuid=fecad288-9deb-4a36-8a88-b0097a7d82b0
[인젠트] 데이터플랫폼팀_DBMS솔루션 개발자 채용,(주)인젠트,서울전체,https://www.saramin.co.kr/zf_user/jobs/relay/view?view_type=search&rec_idx=43035894&location=ts&searchword=golang&searchType=search&paid_fl=n&search_uuid=fecad288-9deb-4a36-8a88-b0097a7d82b0
[오디오플랫폼FLO] Cloud Engineer(Platform Developer),(주)드림어스컴퍼니,서울전체,https://www.saramin.co.kr/zf_user/jobs/relay/view?view_type=search&rec_idx=42626368&location=ts&searchword=golang&searchType=search&paid_fl=n&search_uuid=fecad288-9deb-4a36-8a88-b0097a7d82b0
MLOps backend developer team leader,(주)코난테크놀로지,서울전체,https://www.saramin.co.kr/zf_user/jobs/relay/view?view_type=search&rec_idx=42418832&location=ts&searchword=golang&searchType=search&paid_fl=n&search_uuid=fecad288-9deb-4a36-8a88-b0097a7d82b0
[(주)인젠트-데이터사업실] 2022년 하반기 IT개발자 모집,(주)인젠트,서울,https://www.saramin.co.kr/zf_user/jobs/relay/view?view_type=search&rec_idx=43174045&location=ts&searchword=golang&searchType=search&paid_fl=n&search_uuid=fecad288-9deb-4a36-8a88-b0097a7d82b0
[오디오플랫폼FLO] Backend(Senior) 개발자,(주)드림어스컴퍼니,서울전체,https://www.saramin.co.kr/zf_user/jobs/relay/view?view_type=search&rec_idx=43242352&location=ts&searchword=golang&searchType=search&paid_fl=n&search_uuid=fecad288-9deb-4a36-8a88-b0097a7d82b0
[NHN FashionGo korea] 추천플랫폼개발/데이터 엔지니어링,엔에이치엔(주),경기,https://www.saramin.co.kr/zf_user/jobs/relay/view?view_type=search&rec_idx=43249960&location=ts&searchword=golang&searchType=search&paid_fl=n&search_uuid=fecad288-9deb-4a36-8a88-b0097a7d82b0
백엔드 개발 (경력),(주)트루엔,서울,https://www.saramin.co.kr/zf_user/jobs/relay/view?view_type=search&rec_idx=40872299&location=ts&searchword=golang&searchType=search&paid_fl=n&search_uuid=fecad288-9deb-4a36-8a88-b0097a7d82b0
[이노그리드] 클라우드 R&D 개발센터 신입/경력 채용,(주)이노그리드,서울,https://www.saramin.co.kr/zf_user/jobs/relay/view?view_type=search&rec_idx=43218078&location=ts&searchword=golang&searchType=search&paid_fl=n&search_uuid=fecad288-9deb-4a36-8a88-b0097a7d82b0
[PTKOERA] 데이터 엔지니어 (계약),펑타이그레이터차이나(유)영업소,서울,https://www.saramin.co.kr/zf_user/jobs/relay/view?view_type=search&rec_idx=43108243&location=ts&searchword=golang&searchType=search&paid_fl=n&search_uuid=fecad288-9deb-4a36-8a88-b0097a7d82b0
[클라우드개발] VM 오케스트레이션 플랫폼 개발 영입,(주)카카오엔터프라이즈,경기전체,https://www.saramin.co.kr/zf_user/jobs/relay/view?view_type=search&rec_idx=43360076&location=ts&searchword=golang&searchType=search&paid_fl=n&search_uuid=fecad288-9deb-4a36-8a88-b0097a7d82b0
[카카오페이] 협업도구 및 코드관리도구 운영담당자 영입,(주)카카오페이,경기,https://www.saramin.co.kr/zf_user/jobs/relay/view?view_type=search&rec_idx=43285836&location=ts&searchword=golang&searchType=search&paid_fl=n&search_uuid=fecad288-9deb-4a36-8a88-b0097a7d82b0
미디어 서버 개발자,콘텐츠웨이브(주),서울전체,https://www.saramin.co.kr/zf_user/jobs/relay/view?view_type=search&rec_idx=42526025&location=ts&searchword=golang&searchType=search&paid_fl=n&search_uuid=fecad288-9deb-4a36-8a88-b0097a7d82b0
회원/인증 서버 개발자,콘텐츠웨이브(주),서울전체,https://www.saramin.co.kr/zf_user/jobs/relay/view?view_type=search&rec_idx=42525731&location=ts&searchword=golang&searchType=search&paid_fl=n&search_uuid=fecad288-9deb-4a36-8a88-b0097a7d82b0
데이터 로그 개발자,콘텐츠웨이브(주),서울전체,https://www.saramin.co.kr/zf_user/jobs/relay/view?view_type=search&rec_idx=42525965&location=ts&searchword=golang&searchType=search&paid_fl=n&search_uuid=fecad288-9deb-4a36-8a88-b0097a7d82b0
데이터베이스 관리자(DBA),콘텐츠웨이브(주),서울전체,https://www.saramin.co.kr/zf_user/jobs/relay/view?view_type=search&rec_idx=42526160&location=ts&searchword=golang&searchType=search&paid_fl=n&search_uuid=fecad288-9deb-4a36-8a88-b0097a7d82b0
상품/빌링 서버 개발자,콘텐츠웨이브(주),서울전체,https://www.saramin.co.kr/zf_user/jobs/relay/view?view_type=search&rec_idx=42525803&location=ts&searchword=golang&searchType=search&paid_fl=n&search_uuid=fecad288-9deb-4a36-8a88-b0097a7d82b0
[클라우드서비스] Kubernetes as a service 개발자 영입,(주)카카오엔터프라이즈,경기전체,https://www.saramin.co.kr/zf_user/jobs/relay/view?view_type=search&rec_idx=43208089&location=ts&searchword=golang&searchType=search&paid_fl=n&search_uuid=fecad288-9deb-4a36-8a88-b0097a7d82b0
[클라우드서비스] 네트워크 개발자 영입,(주)카카오엔터프라이즈,경기전체,https://www.saramin.co.kr/zf_user/jobs/relay/view?view_type=search&rec_idx=43207842&location=ts&searchword=golang&searchType=search&paid_fl=n&search_uuid=fecad288-9deb-4a36-8a88-b0097a7d82b0
[클라우드서비스] 클라우드 서비스(IaaS) 개발자 영입,(주)카카오엔터프라이즈,경기전체,https://www.saramin.co.kr/zf_user/jobs/relay/view?view_type=search&rec_idx=43208062&location=ts&searchword=golang&searchType=search&paid_fl=n&search_uuid=fecad288-9deb-4a36-8a88-b0097a7d82b0
[검색플랫폼] 서버 개발자 영입,(주)카카오엔터프라이즈,경기전체,https://www.saramin.co.kr/zf_user/jobs/relay/view?view_type=search&rec_idx=43207839&location=ts&searchword=golang&searchType=search&paid_fl=n&search_uuid=fecad288-9deb-4a36-8a88-b0097a7d82b0
[클라우드서비스] cloud infrastructure devops engineer 영입,(주)카카오엔터프라이즈,경기전체,https://www.saramin.co.kr/zf_user/jobs/relay/view?view_type=search&rec_idx=43208071&location=ts&searchword=golang&searchType=search&paid_fl=n&search_uuid=fecad288-9deb-4a36-8a88-b0097a7d82b0
[위메프서비스] DevOps Engineer,(주)위메프,서울,https://www.saramin.co.kr/zf_user/jobs/relay/view?view_type=search&rec_idx=43173706&location=ts&searchword=golang&searchType=search&paid_fl=n&search_uuid=fecad288-9deb-4a36-8a88-b0097a7d82b0
서버 개발자,(주)의식주컴퍼니,서울전체,https://www.saramin.co.kr/zf_user/jobs/relay/view?view_type=search&rec_idx=41591239&location=ts&searchword=golang&searchType=search&paid_fl=n&search_uuid=fecad288-9deb-4a36-8a88-b0097a7d82b0
서버/백엔드 개발자(3년이상) 채용,(주)알티캐스트,서울전체,https://www.saramin.co.kr/zf_user/jobs/relay/view?view_type=search&rec_idx=42680926&location=ts&searchword=golang&searchType=search&paid_fl=n&search_uuid=fecad288-9deb-4a36-8a88-b0097a7d82b0
신입/경력 JAVA 개발자 모집(Web/Mobile/IoT),제이씨스퀘어(주),서울,https://www.saramin.co.kr/zf_user/jobs/relay/view?view_type=search&rec_idx=42990486&location=ts&searchword=golang&searchType=search&paid_fl=n&search_uuid=fecad288-9deb-4a36-8a88-b0097a7d82b0
[위즈코어] 22 상반기 기술연구소 연구개발 인재 채용,위즈코어(주),경기,https://www.saramin.co.kr/zf_user/jobs/relay/view?view_type=search&rec_idx=43356873&location=ts&searchword=golang&searchType=search&paid_fl=n&search_uuid=fecad288-9deb-4a36-8a88-b0097a7d82b0
PHP 모니터링 에이전트 개발자(PHP Extension)(3년 이상),(주)와탭랩스,서울전체,https://www.saramin.co.kr/zf_user/jobs/relay/view?view_type=search&rec_idx=43344623&location=ts&searchword=golang&searchType=search&paid_fl=n&search_uuid=fecad288-9deb-4a36-8a88-b0097a7d82b0
Python 모니터링 에이전트 개발자,(주)와탭랩스,서울전체,https://www.saramin.co.kr/zf_user/jobs/relay/view?view_type=search&rec_idx=43344418&location=ts&searchword=golang&searchType=search&paid_fl=n&search_uuid=fecad288-9deb-4a36-8a88-b0097a7d82b0
[신입/경력] Backend Engineer(Server/Cloud),(주)알체라,경기전체,https://www.saramin.co.kr/zf_user/jobs/relay/view?view_type=search&rec_idx=42569480&location=ts&searchword=golang&searchType=search&paid_fl=n&search_uuid=fecad288-9deb-4a36-8a88-b0097a7d82b0
"[엑셈/주30시간] 클라우드파트 백엔드 개발자 (Agent 개발, 경력2년이상)",(주)엑셈,서울전체,https://www.saramin.co.kr/zf_user/jobs/relay/view?view_type=search&rec_idx=43143653&location=ts&searchword=golang&searchType=search&paid_fl=n&search_uuid=fecad288-9deb-4a36-8a88-b0097a7d82b0
[경력]Backend Server/Cloud Team Lead,(주)알체라,경기전체,https://www.saramin.co.kr/zf_user/jobs/relay/view?view_type=search&rec_idx=43248115&location=ts&searchword=golang&searchType=search&paid_fl=n&search_uuid=fecad288-9deb-4a36-8a88-b0097a7d82b0
웹/플랫폼 개발자 채용,(주)넥스쳐,서울전체,https://www.saramin.co.kr/zf_user/jobs/relay/view?view_type=search&rec_idx=42818645&location=ts&searchword=golang&searchType=search&paid_fl=n&search_uuid=fecad288-9deb-4a36-8a88-b0097a7d82b0
(주)더블미디어 각부문 개발자 채용,(주)더블미디어,부산,https://www.saramin.co.kr/zf_user/jobs/relay/view?view_type=search&rec_idx=43067384&location=ts&searchword=golang&searchType=search&paid_fl=n&search_uuid=d12d5374-ddb8-4b6c-80f5-154c056ba2a5
[기그] 백엔드 개발자 채용,(주)커넥트핏,서울전체,https://www.saramin.co.kr/zf_user/jobs/relay/view?view_type=search&rec_idx=42466881&location=ts&searchword=golang&searchType=search&paid_fl=n&search_uuid=d12d5374-ddb8-4b6c-80f5-154c056ba2a5
(주) 코그넷나인 분야별 경력직 개발자 채용 모집,(주)코그넷나인,서울,https://www.saramin.co.kr/zf_user/jobs/relay/view?view_type=search&rec_idx=43050427&location=ts&searchword=golang&searchType=search&paid_fl=n&search_uuid=d12d5374-ddb8-4b6c-80f5-154c056ba2a5
DAP팀 Back-end 개발자 채용,(주)코그넷나인,서울전체,https://www.saramin.co.kr/zf_user/jobs/relay/view?view_type=search&rec_idx=42796323&location=ts&searchword=golang&searchType=search&paid_fl=n&search_uuid=d12d5374-ddb8-4b6c-80f5-154c056ba2a5
디파이 플랫폼 백엔드 개발자,(주)위메이드,경기전체,https://www.saramin.co.kr/zf_user/jobs/relay/view?view_type=search&rec_idx=43137373&location=ts&searchword=golang&searchType=search&paid_fl=n&search_uuid=d12d5374-ddb8-4b6c-80f5-154c056ba2a5
블록체인 백엔드 개발자,(주)위메이드,경기전체,https://www.saramin.co.kr/zf_user/jobs/relay/view?view_type=search&rec_idx=41546779&location=ts&searchword=golang&searchType=search&paid_fl=n&search_uuid=d12d5374-ddb8-4b6c-80f5-154c056ba2a5
플랫폼 개발팀 Application developer Back-end 개발자 채용,(주)코그넷나인,서울전체,https://www.saramin.co.kr/zf_user/jobs/relay/view?view_type=search&rec_idx=42796348&location=ts&searchword=golang&searchType=search&paid_fl=n&search_uuid=d12d5374-ddb8-4b6c-80f5-154c056ba2a5
웹 풀스택 개발자 정규직 채용,(주)인터웍스미디어,서울전체,https://www.saramin.co.kr/zf_user/jobs/relay/view?view_type=search&rec_idx=43077885&location=ts&searchword=golang&searchType=search&paid_fl=n&search_uuid=d12d5374-ddb8-4b6c-80f5-154c056ba2a5
DevOps 엔지니어,(주)위메이드,경기전체,https://www.saramin.co.kr/zf_user/jobs/relay/view?view_type=search&rec_idx=43136977&location=ts&searchword=golang&searchType=search&paid_fl=n&search_uuid=d12d5374-ddb8-4b6c-80f5-154c056ba2a5
[원주/기술연구소] 웹/솔루션 개발자 신입&경력 채용(정규직),(주)시야인사이트,강원,https://www.saramin.co.kr/zf_user/jobs/relay/view?view_type=search&rec_idx=43167850&location=ts&searchword=golang&searchType=search&paid_fl=n&search_uuid=d12d5374-ddb8-4b6c-80f5-154c056ba2a5
시스템 엔지니어(SE),(주)위메이드,경기전체,https://www.saramin.co.kr/zf_user/jobs/relay/view?view_type=search&rec_idx=43245131&location=ts&searchword=golang&searchType=search&paid_fl=n&search_uuid=d12d5374-ddb8-4b6c-80f5-154c056ba2a5
뷰티 플랫폼 '밀리언즈' 백엔드 개발자 채용,디퍼런트밀리언즈(주),서울전체,https://www.saramin.co.kr/zf_user/jobs/relay/view?view_type=search&rec_idx=40321593&location=ts&searchword=golang&searchType=search&paid_fl=n&search_uuid=d12d5374-ddb8-4b6c-80f5-154c056ba2a5
[MOLOCO] 백엔드 소프트웨어 개발자,(주)몰로코,서울전체,https://www.saramin.co.kr/zf_user/jobs/relay/view?view_type=search&rec_idx=41621042&location=ts&searchword=golang&searchType=search&paid_fl=n&search_uuid=d12d5374-ddb8-4b6c-80f5-154c056ba2a5
Back-end 포도알 서비스 백엔드 개발,(주)시니스트,서울전체,https://www.saramin.co.kr/zf_user/jobs/relay/view?view_type=search&rec_idx=42871502&location=ts&searchword=golang&searchType=search&paid_fl=n&search_uuid=d12d5374-ddb8-4b6c-80f5-154c056ba2a5
[MOLOCO] Machine Learning Engineer,(주)몰로코,서울전체,https://www.saramin.co.kr/zf_user/jobs/relay/view?view_type=search&rec_idx=42868537&location=ts&searchword=golang&searchType=search&paid_fl=n&search_uuid=d12d5374-ddb8-4b6c-80f5-154c056ba2a5
"서버/백앤드,프론트앤드,블록체인 부문별 개발 프로그래머 모집",(주)코어닥스,서울,https://www.saramin.co.kr/zf_user/jobs/relay/view?view_type=search&rec_idx=43282288&location=ts&searchword=golang&searchType=search&paid_fl=n&search_uuid=d12d5374-ddb8-4b6c-80f5-154c056ba2a5
소프트웨어 엔지니어 인턴을 모집합니다,(주)몰로코,서울,https://www.saramin.co.kr/zf_user/jobs/relay/view?view_type=search&rec_idx=43308379&location=ts&searchword=golang&searchType=search&paid_fl=n&search_uuid=d12d5374-ddb8-4b6c-80f5-154c056ba2a5
[셀디] 수출 마케팅 솔루션 백엔드 개발자 모집,(주)셀디코리아,서울전체,https://www.saramin.co.kr/zf_user/jobs/relay/view?view_type=search&rec_idx=42434543&location=ts&searchword=golang&searchType=search&paid_fl=n&search_uuid=d12d5374-ddb8-4b6c-80f5-154c056ba2a5
DevOps 엔지니어,(주)피플펀드컴퍼니,서울전체,https://www.saramin.co.kr/zf_user/jobs/relay/view?view_type=search&rec_idx=41414179&location=ts&searchword=golang&searchType=search&paid_fl=n&search_uuid=d12d5374-ddb8-4b6c-80f5-154c056ba2a5
"MLOps Engineer, DevOps Engineer 정규직, 전문연구요원 채용",(주)클레온,서울,https://www.saramin.co.kr/zf_user/jobs/relay/view?view_type=search&rec_idx=43228911&location=ts&searchword=golang&searchType=search&paid_fl=n&search_uuid=d12d5374-ddb8-4b6c-80f5-154c056ba2a5
"MLOps Engineer, DevOps Engineer (1년 계약직 , 정규직 전환 가능, 전문연구요원 가능)",(주)클레온,서울전체,https://www.saramin.co.kr/zf_user/jobs/relay/view?view_type=search&rec_idx=43271492&location=ts&searchword=golang&searchType=search&paid_fl=n&search_uuid=d12d5374-ddb8-4b6c-80f5-154c056ba2a5
"MLOps Engineer, DevOps Engineer (전문연구요원 가능)",(주)클레온,서울전체,https://www.saramin.co.kr/zf_user/jobs/relay/view?view_type=search&rec_idx=43271106&location=ts&searchword=golang&searchType=search&paid_fl=n&search_uuid=d12d5374-ddb8-4b6c-80f5-154c056ba2a5
라미랩(주) 공간정보 웹개발자 채용,(사)대덕이노폴리스벤처협회,대전,https://www.saramin.co.kr/zf_user/jobs/relay/view?view_type=search&rec_idx=43300303&location=ts&searchword=golang&searchType=search&paid_fl=n&search_uuid=d12d5374-ddb8-4b6c-80f5-154c056ba2a5
Cloud(K8S) 기반의 4G/5G Core 개발,씨온드림(주),경기전체,https://www.saramin.co.kr/zf_user/jobs/relay/view?view_type=search&rec_idx=42088991&location=ts&searchword=golang&searchType=search&paid_fl=n&search_uuid=d12d5374-ddb8-4b6c-80f5-154c056ba2a5
[전략기획본부] Blockchain Core팀 개발자,(주)미디움,서울전체,https://www.saramin.co.kr/zf_user/jobs/relay/view?view_type=search&rec_idx=42872099&location=ts&searchword=golang&searchType=search&paid_fl=n&search_uuid=d12d5374-ddb8-4b6c-80f5-154c056ba2a5
백엔드 개발자 모집,(주)미디움,서울전체,https://www.saramin.co.kr/zf_user/jobs/relay/view?view_type=search&rec_idx=43016738&location=ts&searchword=golang&searchType=search&paid_fl=n&search_uuid=d12d5374-ddb8-4b6c-80f5-154c056ba2a5
코어 개발자 모집,(주)미디움,서울전체,https://www.saramin.co.kr/zf_user/jobs/relay/view?view_type=search&rec_idx=43016756&location=ts&searchword=golang&searchType=search&paid_fl=n&search_uuid=d12d5374-ddb8-4b6c-80f5-154c056ba2a5
사업운영본부 솔루션팀 블록체인 서비스 개발 채용,(주)미디움,서울전체,https://www.saramin.co.kr/zf_user/jobs/relay/view?view_type=search&rec_idx=42063944&location=ts&searchword=golang&searchType=search&paid_fl=n&search_uuid=d12d5374-ddb8-4b6c-80f5-154c056ba2a5
블록체인 개발자 채용,퍼블리시(주),서울,https://www.saramin.co.kr/zf_user/jobs/relay/view?view_type=search&rec_idx=43267893&location=ts&searchword=golang&searchType=search&paid_fl=n&search_uuid=d12d5374-ddb8-4b6c-80f5-154c056ba2a5
웹서비스 백엔드 개발자 및 인공지능 개발자 모집,주식회사 셈웨어,서울,https://www.saramin.co.kr/zf_user/jobs/relay/view?view_type=search&rec_idx=43273438&location=ts&searchword=golang&searchType=search&paid_fl=n&search_uuid=d12d5374-ddb8-4b6c-80f5-154c056ba2a5
스타트업글래스돔Edge Software Engineer,(주)글래스돔코리아,대전,https://www.saramin.co.kr/zf_user/jobs/relay/view?view_type=search&rec_idx=43328663&location=ts&searchword=golang&searchType=search&paid_fl=n&search_uuid=d12d5374-ddb8-4b6c-80f5-154c056ba2a5
웹 백엔드(Web Back-end) 개발,엔웨이코리아(주),서울전체,https://www.saramin.co.kr/zf_user/jobs/relay/view?view_type=search&rec_idx=41908095&location=ts&searchword=golang&searchType=search&paid_fl=n&search_uuid=d12d5374-ddb8-4b6c-80f5-154c056ba2a5
[useB.] Senior Backend Developer 모집,(주)유스비,서울전체,https://www.saramin.co.kr/zf_user/jobs/relay/view?view_type=search&rec_idx=42997151&location=ts&searchword=golang&searchType=search&paid_fl=n&search_uuid=d12d5374-ddb8-4b6c-80f5-154c056ba2a5
[useB.] Senior Frontend Developer 모집,(주)유스비,서울전체,https://www.saramin.co.kr/zf_user/jobs/relay/view?view_type=search&rec_idx=42997010&location=ts&searchword=golang&searchType=search&paid_fl=n&search_uuid=d12d5374-ddb8-4b6c-80f5-154c056ba2a5
[가상자산 거래소기업] Matching Engine 백엔드 (정규직),(주)리앤파트너,서울,https://www.saramin.co.kr/zf_user/jobs/relay/view?view_type=search&rec_idx=43245422&location=ts&searchword=golang&searchType=search&paid_fl=n&search_uuid=d12d5374-ddb8-4b6c-80f5-154c056ba2a5
[경남/동남권 대표 교육기업] 개발자 채용(재택 가능),(주)탑앤스카우트,서울,https://www.saramin.co.kr/zf_user/jobs/relay/view?view_type=search&rec_idx=43256679&location=ts&searchword=golang&searchType=search&paid_fl=n&search_uuid=d12d5374-ddb8-4b6c-80f5-154c056ba2a5
블록체인 개발팀 채용,(주)베스트에치알 (Best HR),서울,https://www.saramin.co.kr/zf_user/jobs/relay/view?view_type=search&rec_idx=43338250&location=ts&searchword=golang&searchType=search&paid_fl=n&search_uuid=d12d5374-ddb8-4b6c-80f5-154c056ba2a5
유명 음악 플랫폼 - 클라우드 엔지니어,(주)휴먼디지탈,서울,https://www.saramin.co.kr/zf_user/jobs/relay/view?view_type=search&rec_idx=43346710&location=ts&searchword=golang&searchType=search&paid_fl=n&search_uuid=d12d5374-ddb8-4b6c-80f5-154c056ba2a5
[IMS모빌리티] 백엔드(고급) 개발자 채용 (8년 이상),아이엠에스모빌리티(주),서울,https://www.saramin.co.kr/zf_user/jobs/relay/view?view_type=search&rec_idx=43032001&location=ts&searchword=golang&searchType=search&paid_fl=n&search_uuid=d12d5374-ddb8-4b6c-80f5-154c056ba2a5
데이터엔지니어 채용,(주)컨셉터스,서울전체,https://www.saramin.co.kr/zf_user/jobs/relay/view?view_type=search&rec_idx=42870563&location=ts&searchword=golang&searchType=search&paid_fl=n&search_uuid=d12d5374-ddb8-4b6c-80f5-154c056ba2a5
[M2AI] Back-end 엔지니어 (신입/경력),(주)모션투에이아이코리아,서울,https://www.saramin.co.kr/zf_user/jobs/relay/view?view_type=search&rec_idx=43122786&location=ts&searchword=golang&searchType=search&paid_fl=n&search_uuid=c790f8e9-1174-4a72-8f83-d04aacdedd4e
"블록체인 개발자 Blockchain Developer (경력, 정규직)",(주)소셜인프라테크,서울,https://www.saramin.co.kr/zf_user/jobs/relay/view?view_type=search&rec_idx=43027803&location=ts&searchword=golang&searchType=search&paid_fl=n&search_uuid=c790f8e9-1174-4a72-8f83-d04aacdedd4e
[재무관리서비스] 서버 개발자 경력직 채용,(주)그라운드업벤처스,서울전체,https://www.saramin.co.kr/zf_user/jobs/relay/view?view_type=search&rec_idx=42521756&location=ts&searchword=golang&searchType=search&paid_fl=n&search_uuid=c790f8e9-1174-4a72-8f83-d04aacdedd4e
블록체인 서비스 개발자,코코네(주)(영업소),서울,https://www.saramin.co.kr/zf_user/jobs/relay/view?view_type=search&rec_idx=42993104&location=ts&searchword=golang&searchType=search&paid_fl=n&search_uuid=c790f8e9-1174-4a72-8f83-d04aacdedd4e
[유명가격비교포털] 검색개발자,(주)비에이블컨설팅그룹,서울,https://www.saramin.co.kr/zf_user/jobs/relay/view?view_type=search&rec_idx=43241486&location=ts&searchword=golang&searchType=search&paid_fl=n&search_uuid=c790f8e9-1174-4a72-8f83-d04aacdedd4e
"[유명가격비교포털] 검색개발자(사원,대리급)",(주)비에이블컨설팅그룹,서울,https://www.saramin.co.kr/zf_user/jobs/relay/view?view_type=search&rec_idx=43241556&location=ts&searchword=golang&searchType=search&paid_fl=n&search_uuid=c790f8e9-1174-4a72-8f83-d04aacdedd4e
"Java, 웹개발 정규직 채용(경력무관)",(주)굿초이스,서울,https://www.saramin.co.kr/zf_user/jobs/relay/view?view_type=search&rec_idx=43005978&location=ts&searchword=golang&searchType=search&paid_fl=n&search_uuid=c790f8e9-1174-4a72-8f83-d04aacdedd4e
IT 개발 프론트·백앤드 정규직 채용 공고,(주)데이터랩스,서울,https://www.saramin.co.kr/zf_user/jobs/relay/view?view_type=search&rec_idx=43301118&location=ts&searchword=golang&searchType=search&paid_fl=n&search_uuid=c790f8e9-1174-4a72-8f83-d04aacdedd4e
응용SW 개발 및 웹 개발 모집-병력특례(보충역)가능,(주)누리랩,서울,https://www.saramin.co.kr/zf_user/jobs/relay/view?view_type=search&rec_idx=43338056&location=ts&searchword=golang&searchType=search&paid_fl=n&search_uuid=c790f8e9-1174-4a72-8f83-d04aacdedd4e
Kubernetes 또는 OpenShift 기반 PaaS 솔루션 개발,에이피써치,서울,https://www.saramin.co.kr/zf_user/jobs/relay/view?view_type=search&rec_idx=43310921&location=ts&searchword=golang&searchType=search&paid_fl=n&search_uuid=c790f8e9-1174-4a72-8f83-d04aacdedd4e
백엔드 개발자,(주)스터닝,서울전체,https://www.saramin.co.kr/zf_user/jobs/relay/view?view_type=search&rec_idx=41074927&location=ts&searchword=golang&searchType=search&paid_fl=n&search_uuid=c790f8e9-1174-4a72-8f83-d04aacdedd4e
[스타그램]React 프론트개발자,(주)스타링크,서울전체,https://www.saramin.co.kr/zf_user/jobs/relay/view?view_type=search&rec_idx=42944478&location=ts&searchword=golang&searchType=search&paid_fl=n&search_uuid=c790f8e9-1174-4a72-8f83-d04aacdedd4e
겟앤쇼 웹 / 앱 / 블록체인 개발자 채용,(주)겟앤쇼,서울,https://www.saramin.co.kr/zf_user/jobs/relay/view?view_type=search&rec_idx=43149028&location=ts&searchword=golang&searchType=search&paid_fl=n&search_uuid=c790f8e9-1174-4a72-8f83-d04aacdedd4e
[위메프오] DevOps Engineer,(주)위메프오,서울,https://www.saramin.co.kr/zf_user/jobs/relay/view?view_type=search&rec_idx=43279508&location=ts&searchword=golang&searchType=search&paid_fl=n&search_uuid=c790f8e9-1174-4a72-8f83-d04aacdedd4e
Intermediate Backend Engineer경력직 채용,KY컨설팅그룹,서울,https://www.saramin.co.kr/zf_user/jobs/relay/view?view_type=search&rec_idx=43319524&location=ts&searchword=golang&searchType=search&paid_fl=n&search_uuid=c790f8e9-1174-4a72-8f83-d04aacdedd4e
[miso] VP of Engineering,한국미소(유),서울전체,https://www.saramin.co.kr/zf_user/jobs/relay/view?view_type=search&rec_idx=43127131&location=ts&searchword=golang&searchType=search&paid_fl=n&search_uuid=c790f8e9-1174-4a72-8f83-d04aacdedd4e
블록체인 플랫폼/서비스 개발자,(주)제네시스네스트,경기전체,https://www.saramin.co.kr/zf_user/jobs/relay/view?view_type=search&rec_idx=43120577&location=ts&searchword=golang&searchType=search&paid_fl=n&search_uuid=c790f8e9-1174-4a72-8f83-d04aacdedd4e
블록체인 전문기업 해시라이크와 같이 성장하실 분을 찾습니다,(주)해시라이크,서울,https://www.saramin.co.kr/zf_user/jobs/relay/view?view_type=search&rec_idx=43283580&location=ts&searchword=golang&searchType=search&paid_fl=n&search_uuid=c790f8e9-1174-4a72-8f83-d04aacdedd4e
R&D팀 프로그래머 모집 - JAVA 개발자,(주)갈렙에이비씨,서울,https://www.saramin.co.kr/zf_user/jobs/relay/view?view_type=search&rec_idx=43223406&location=ts&searchword=golang&searchType=search&paid_fl=n&search_uuid=c790f8e9-1174-4a72-8f83-d04aacdedd4e
"[삼성동] 백엔드 개발자 (4년이상,시니어)",(주)시니어앤파트너즈,서울,https://www.saramin.co.kr/zf_user/jobs/relay/view?view_type=search&rec_idx=43310071&location=ts&searchword=golang&searchType=search&paid_fl=n&search_uuid=c790f8e9-1174-4a72-8f83-d04aacdedd4e
[인공지능(AI) 영상인식 기업 - Backend / Frontend Engineers],(주)핀커스코리아,경기,https://www.saramin.co.kr/zf_user/jobs/relay/view?view_type=search&rec_idx=43320995&location=ts&searchword=golang&searchType=search&paid_fl=n&search_uuid=c790f8e9-1174-4a72-8f83-d04aacdedd4e
[빗썸] Back End - 체결엔진 개발,(주)빗썸코리아,서울전체,https://www.saramin.co.kr/zf_user/jobs/relay/view?view_type=search&rec_idx=42951560&location=ts&searchword=golang&searchType=search&paid_fl=n&search_uuid=c790f8e9-1174-4a72-8f83-d04aacdedd4e
각 부문 필드엔지니어 채용,(주)마크애니,서울,https://www.saramin.co.kr/zf_user/jobs/relay/view?view_type=search&rec_idx=43076431&location=ts&searchword=golang&searchType=search&paid_fl=n&search_uuid=c790f8e9-1174-4a72-8f83-d04aacdedd4e
[오디오플랫폼FLO] Cloud Engineer(SRE-업무Platform),(주)드림어스컴퍼니,서울전체,https://www.saramin.co.kr/zf_user/jobs/relay/view?view_type=search&rec_idx=40715048&location=ts&searchword=golang&searchType=search&paid_fl=n&search_uuid=c790f8e9-1174-4a72-8f83-d04aacdedd4e
[오디오플랫폼FLO] Backend(Junior) 개발자,(주)드림어스컴퍼니,서울전체,https://www.saramin.co.kr/zf_user/jobs/relay/view?view_type=search&rec_idx=40715106&location=ts&searchword=golang&searchType=search&paid_fl=n&search_uuid=c790f8e9-1174-4a72-8f83-d04aacdedd4e
Fullstack 개발자,(주)코리아폴리스쿨,서울전체,https://www.saramin.co.kr/zf_user/jobs/relay/view?view_type=search&rec_idx=40853996&location=ts&searchword=golang&searchType=search&paid_fl=n&search_uuid=c790f8e9-1174-4a72-8f83-d04aacdedd4e
운영관리 시스템 개발,텔코웨어(주),서울전체,https://www.saramin.co.kr/zf_user/jobs/relay/view?view_type=search&rec_idx=42727292&location=ts&searchword=golang&searchType=search&paid_fl=n&search_uuid=c790f8e9-1174-4a72-8f83-d04aacdedd4e
클라우드 네이티브 앱 개발자 채용,스콥정보통신(주),서울전체,https://www.saramin.co.kr/zf_user/jobs/relay/view?view_type=search&rec_idx=43100772&location=ts&searchword=golang&searchType=search&paid_fl=n&search_uuid=c790f8e9-1174-4a72-8f83-d04aacdedd4e
GCP Managed Service,메가존클라우드(주),서울전체,https://www.saramin.co.kr/zf_user/jobs/relay/view?view_type=search&rec_idx=42761590&location=ts&searchword=golang&searchType=search&paid_fl=n&search_uuid=c790f8e9-1174-4a72-8f83-d04aacdedd4e
백엔드 개발자,키네마스터(주),서울전체,https://www.saramin.co.kr/zf_user/jobs/relay/view?view_type=search&rec_idx=42448309&location=ts&searchword=golang&searchType=search&paid_fl=n&search_uuid=c790f8e9-1174-4a72-8f83-d04aacdedd4e
Naver Managed Service,메가존클라우드(주),서울전체,https://www.saramin.co.kr/zf_user/jobs/relay/view?view_type=search&rec_idx=42761568&location=ts&searchword=golang&searchType=search&paid_fl=n&search_uuid=c790f8e9-1174-4a72-8f83-d04aacdedd4e
Linux C/Go Developer 채용,(주)모니터랩,서울전체,https://www.saramin.co.kr/zf_user/jobs/relay/view?view_type=search&rec_idx=42657796&location=ts&searchword=golang&searchType=search&paid_fl=n&search_uuid=c790f8e9-1174-4a72-8f83-d04aacdedd4e
웹 취약점 분석,(주)모니터랩,서울전체,https://www.saramin.co.kr/zf_user/jobs/relay/view?view_type=search&rec_idx=41507575&location=ts&searchword=golang&searchType=search&paid_fl=n&search_uuid=c790f8e9-1174-4a72-8f83-d04aacdedd4e
클라우드 보안 엔지니어 영입,베스핀글로벌(주),서울,https://www.saramin.co.kr/zf_user/jobs/relay/view?view_type=search&rec_idx=43209509&location=ts&searchword=golang&searchType=search&paid_fl=n&search_uuid=c790f8e9-1174-4a72-8f83-d04aacdedd4e
블록체인 개발자,(주)제나,서울전체,https://www.saramin.co.kr/zf_user/jobs/relay/view?view_type=search&rec_idx=42978182&location=ts&searchword=golang&searchType=search&paid_fl=n&search_uuid=c790f8e9-1174-4a72-8f83-d04aacdedd4e
[클라우드개발] 분산 스토리지 서비스 개발자 영입,(주)카카오엔터프라이즈,경기전체,https://www.saramin.co.kr/zf_user/jobs/relay/view?view_type=search&rec_idx=43207840&location=ts&searchword=golang&searchType=search&paid_fl=n&search_uuid=c790f8e9-1174-4a72-8f83-d04aacdedd4e
[검색시스템] 서비스 개발자 영입,(주)카카오엔터프라이즈,경기전체,https://www.saramin.co.kr/zf_user/jobs/relay/view?view_type=search&rec_idx=43207858&location=ts&searchword=golang&searchType=search&paid_fl=n&search_uuid=c790f8e9-1174-4a72-8f83-d04aacdedd4e
"[검색추천모델링] 검색어 서비스 모델링, 시스템 개발자 영입",(주)카카오엔터프라이즈,경기전체,https://www.saramin.co.kr/zf_user/jobs/relay/view?view_type=search&rec_idx=43207896&location=ts&searchword=golang&searchType=search&paid_fl=n&search_uuid=c790f8e9-1174-4a72-8f83-d04aacdedd4e
Back-end 개발자,아주큐엠에스(주),서울전체,https://www.saramin.co.kr/zf_user/jobs/relay/view?view_type=search&rec_idx=42727526&location=ts&searchword=golang&searchType=search&paid_fl=n&search_uuid=c790f8e9-1174-4a72-8f83-d04aacdedd4e
데브옵스 팀 리더 DevOps Team Leader,(주)데카트론코리아,서울,https://www.saramin.co.kr/zf_user/jobs/relay/view?view_type=search&rec_idx=43044398&location=ts&searchword=golang&searchType=search&paid_fl=n&search_uuid=c790f8e9-1174-4a72-8f83-d04aacdedd4e
클라우드 기반 서비스 앱 개발,(주)클로봇,경기전체,https://www.saramin.co.kr/zf_user/jobs/relay/view?view_type=search&rec_idx=43272226&location=ts&searchword=golang&searchType=search&paid_fl=n&search_uuid=52afb0cb-2457-4c38-920b-1d61cc4697c1
풀스택 개발자 / Full Stack Developer,(주)데카트론코리아,서울,https://www.saramin.co.kr/zf_user/jobs/relay/view?view_type=search&rec_idx=43275306&location=ts&searchword=golang&searchType=search&paid_fl=n&search_uuid=52afb0cb-2457-4c38-920b-1d61cc4697c1
DevOps 개발자,(주)블록오디세이,서울전체,https://www.saramin.co.kr/zf_user/jobs/relay/view?view_type=search&rec_idx=42627095&location=ts&searchword=golang&searchType=search&paid_fl=n&search_uuid=52afb0cb-2457-4c38-920b-1d61cc4697c1
[450만의 선택 데이트팝] 프론트엔드 개발자 (경력),(주)텐핑거스,서울,https://www.saramin.co.kr/zf_user/jobs/relay/view?view_type=search&rec_idx=43265910&location=ts&searchword=golang&searchType=search&paid_fl=n&search_uuid=52afb0cb-2457-4c38-920b-1d61cc4697c1
(주)스탠스 기업부설연구소 신입/경력 개발자 모집,(주)스탠스,서울,https://www.saramin.co.kr/zf_user/jobs/relay/view?view_type=search&rec_idx=43325456&location=ts&searchword=golang&searchType=search&paid_fl=n&search_uuid=52afb0cb-2457-4c38-920b-1d61cc4697c1
데브옵스 엔지니어(DevOps Engineer)(3년 이상),(주)와탭랩스,서울전체,https://www.saramin.co.kr/zf_user/jobs/relay/view?view_type=search&rec_idx=43344619&location=ts&searchword=golang&searchType=search&paid_fl=n&search_uuid=52afb0cb-2457-4c38-920b-1d61cc4697c1
[뉴플랫폼기술] Kubernetes Engineer 채용,(주)카카오뱅크,경기,https://www.saramin.co.kr/zf_user/jobs/relay/view?view_type=search&rec_idx=43270068&location=ts&searchword=golang&searchType=search&paid_fl=n&search_uuid=52afb0cb-2457-4c38-920b-1d61cc4697c1
"프론트엔드 개발자 (Typescript, React)",미스터블루(주),서울전체,https://www.saramin.co.kr/zf_user/jobs/relay/view?view_type=search&rec_idx=41791310&location=ts&searchword=golang&searchType=search&paid_fl=n&search_uuid=52afb0cb-2457-4c38-920b-1d61cc4697c1
백엔드 개발자(APP) / Backend Developer(APP),키즈룹(주),서울전체,https://www.saramin.co.kr/zf_user/jobs/relay/view?view_type=search&rec_idx=42687865&location=ts&searchword=golang&searchType=search&paid_fl=n&search_uuid=52afb0cb-2457-4c38-920b-1d61cc4697c1
백엔드 개발자( .NET C# ),미스터블루(주),서울전체,https://www.saramin.co.kr/zf_user/jobs/relay/view?view_type=search&rec_idx=41961236&location=ts&searchword=golang&searchType=search&paid_fl=n&search_uuid=52afb0cb-2457-4c38-920b-1d61cc4697c1
SRE(Site Reliability Engineer),(주)디어유,서울전체,https://www.saramin.co.kr/zf_user/jobs/relay/view?view_type=search&rec_idx=42462546&location=ts&searchword=golang&searchType=search&paid_fl=n&search_uuid=52afb0cb-2457-4c38-920b-1d61cc4697c1
웹 개발자 경력직 채용,(주)데이터유니버스,서울,https://www.saramin.co.kr/zf_user/jobs/relay/view?view_type=search&rec_idx=43281395&location=ts&searchword=golang&searchType=search&paid_fl=n&search_uuid=52afb0cb-2457-4c38-920b-1d61cc4697c1
웹 풀스택 개발자 채용,(주)데이터유니버스,서울전체,https://www.saramin.co.kr/zf_user/jobs/relay/view?view_type=search&rec_idx=43287330&location=ts&searchword=golang&searchType=search&paid_fl=n&search_uuid=52afb0cb-2457-4c38-920b-1d61cc4697c1
블록체인 플랫폼 클라우드 보안(DevSecOps) 담당자,(주)위메이드,경기전체,https://www.saramin.co.kr/zf_user/jobs/relay/view?view_type=search&rec_idx=42091873&location=ts&searchword=golang&searchType=search&paid_fl=n&search_uuid=52afb0cb-2457-4c38-920b-1d61cc4697c1
AI서비스팀 Senior Developer / PM 채용,(주)코그넷나인,서울전체,https://www.saramin.co.kr/zf_user/jobs/relay/view?view_type=search&rec_idx=42796446&location=ts&searchword=golang&searchType=search&paid_fl=n&search_uuid=52afb0cb-2457-4c38-920b-1d61cc4697c1
블록체인 코어 및 연계 플랫폼 개발자,(주)위메이드,경기전체,https://www.saramin.co.kr/zf_user/jobs/relay/view?view_type=search&rec_idx=42572954&location=ts&searchword=golang&searchType=search&paid_fl=n&search_uuid=52afb0cb-2457-4c38-920b-1d61cc4697c1
MLOps 개발 및 상품기획 채용,(주)마인즈앤컴퍼니,서울,https://www.saramin.co.kr/zf_user/jobs/relay/view?view_type=search&rec_idx=42967157&location=ts&searchword=golang&searchType=search&paid_fl=n&search_uuid=52afb0cb-2457-4c38-920b-1d61cc4697c1
블록체인 플랫폼 정보보호 및 취약점 점검 담당자,(주)위메이드,경기전체,https://www.saramin.co.kr/zf_user/jobs/relay/view?view_type=search&rec_idx=42794511&location=ts&searchword=golang&searchType=search&paid_fl=n&search_uuid=52afb0cb-2457-4c38-920b-1d61cc4697c1
백오피스 백엔드 개발자,(주)위메이드,경기전체,https://www.saramin.co.kr/zf_user/jobs/relay/view?view_type=search&rec_idx=43082818&location=ts&searchword=golang&searchType=search&paid_fl=n&search_uuid=52afb0cb-2457-4c38-920b-1d61cc4697c1
Backend Software Engineer(Slide) 채용,(주)하이퍼커넥트,서울,https://www.saramin.co.kr/zf_user/jobs/relay/view?view_type=search&rec_idx=43280588&location=ts&searchword=golang&searchType=search&paid_fl=n&search_uuid=52afb0cb-2457-4c38-920b-1d61cc4697c1
Cloud Platform Engineer(DevOps) 채용,(주)하이퍼커넥트,서울,https://www.saramin.co.kr/zf_user/jobs/relay/view?view_type=search&rec_idx=43280847&location=ts&searchword=golang&searchType=search&paid_fl=n&search_uuid=52afb0cb-2457-4c38-920b-1d61cc4697c1
Database Platform Engineer(DevOps) 채용,(주)하이퍼커넥트,서울,https://www.saramin.co.kr/zf_user/jobs/relay/view?view_type=search&rec_idx=43281269&location=ts&searchword=golang&searchType=search&paid_fl=n&search_uuid=52afb0cb-2457-4c38-920b-1d61cc4697c1
블록체인 인증 플랫폼 개발,(주)위메이드,경기전체,https://www.saramin.co.kr/zf_user/jobs/relay/view?view_type=search&rec_idx=43308521&location=ts&searchword=golang&searchType=search&paid_fl=n&search_uuid=52afb0cb-2457-4c38-920b-1d61cc4697c1
SRE(Site Reliability Engineering) 개발자 모집,(주)무빙,서울전체,https://www.saramin.co.kr/zf_user/jobs/relay/view?view_type=search&rec_idx=42599289&location=ts&searchword=golang&searchType=search&paid_fl=n&search_uuid=52afb0cb-2457-4c38-920b-1d61cc4697c1
블록체인 개발자 (신입/경력),(주)메디블록,서울전체,https://www.saramin.co.kr/zf_user/jobs/relay/view?view_type=search&rec_idx=42868236&location=ts&searchword=golang&searchType=search&paid_fl=n&search_uuid=52afb0cb-2457-4c38-920b-1d61cc4697c1
Back-end 블록체인 콘텐츠 서비스 백엔드 개발,(주)시니스트,서울전체,https://www.saramin.co.kr/zf_user/jobs/relay/view?view_type=search&rec_idx=42871471&location=ts&searchword=golang&searchType=search&paid_fl=n&search_uuid=52afb0cb-2457-4c38-920b-1d61cc4697c1
[골라라] 백엔드 개발자(Back-End Developer),(주)골라라,서울전체,https://www.saramin.co.kr/zf_user/jobs/relay/view?view_type=search&rec_idx=41768551&location=ts&searchword=golang&searchType=search&paid_fl=n&search_uuid=52afb0cb-2457-4c38-920b-1d61cc4697c1
Site Reliability Engineer - Korea,(주)몰로코,서울전체,https://www.saramin.co.kr/zf_user/jobs/relay/view?view_type=search&rec_idx=42186295&location=ts&searchword=golang&searchType=search&paid_fl=n&search_uuid=52afb0cb-2457-4c38-920b-1d61cc4697c1
Back-End Software Engineer 개발자 모집,(주)무빙,서울전체,https://www.saramin.co.kr/zf_user/jobs/relay/view?view_type=search&rec_idx=42599333&location=ts&searchword=golang&searchType=search&paid_fl=n&search_uuid=52afb0cb-2457-4c38-920b-1d61cc4697c1
Detection Engineer (신입/경력),(주)쏘마,경기전체,https://www.saramin.co.kr/zf_user/jobs/relay/view?view_type=search&rec_idx=42770101&location=ts&searchword=golang&searchType=search&paid_fl=n&search_uuid=52afb0cb-2457-4c38-920b-1d61cc4697c1
Backend Software Engineer 채용,(주)채널코퍼레이션,서울,https://www.saramin.co.kr/zf_user/jobs/relay/view?view_type=search&rec_idx=43259468&location=ts&searchword=golang&searchType=search&paid_fl=n&search_uuid=52afb0cb-2457-4c38-920b-1d61cc4697c1
모바일 메타버스 서버 개발자,(주)라이프페스타,서울전체,https://www.saramin.co.kr/zf_user/jobs/relay/view?view_type=search&rec_idx=42275888&location=ts&searchword=golang&searchType=search&paid_fl=n&search_uuid=52afb0cb-2457-4c38-920b-1d61cc4697c1
DevOps Engineer,(주)버드뷰,서울전체,https://www.saramin.co.kr/zf_user/jobs/relay/view?view_type=search&rec_idx=42674355&location=ts&searchword=golang&searchType=search&paid_fl=n&search_uuid=52afb0cb-2457-4c38-920b-1d61cc4697c1
Full-Stack Developer,(주)버드뷰,서울전체,https://www.saramin.co.kr/zf_user/jobs/relay/view?view_type=search&rec_idx=42719293&location=ts&searchword=golang&searchType=search&paid_fl=n&search_uuid=52afb0cb-2457-4c38-920b-1d61cc4697c1
Data Engineer (경력직),(주)빅인사이트,서울전체,https://www.saramin.co.kr/zf_user/jobs/relay/view?view_type=search&rec_idx=42858807&location=ts&searchword=golang&searchType=search&paid_fl=n&search_uuid=52afb0cb-2457-4c38-920b-1d61cc4697c1
[마블러스] 소프트웨어 엔지니어링 매니저 / QA / 블록체인 개발,(주)마블러스,서울,https://www.saramin.co.kr/zf_user/jobs/relay/view?view_type=search&rec_idx=43103506&location=ts&searchword=golang&searchType=search&paid_fl=n&search_uuid=52afb0cb-2457-4c38-920b-1d61cc4697c1
[Mergerity] 서버개발자 (Sever Developer) 모집,머지리티(주),서울전체,https://www.saramin.co.kr/zf_user/jobs/relay/view?view_type=search&rec_idx=43250933&location=ts&searchword=golang&searchType=search&paid_fl=n&search_uuid=52afb0cb-2457-4c38-920b-1d61cc4697c1
[AITRICS] 인공지능 백엔드 리드 개발자,(주)에이아이트릭스,서울전체,https://www.saramin.co.kr/zf_user/jobs/relay/view?view_type=search&rec_idx=41484703&location=ts&searchword=golang&searchType=search&paid_fl=n&search_uuid=52afb0cb-2457-4c38-920b-1d61cc4697c1
스마트 컨트랙트 개발자,(주)블록워터테크놀로지스,서울전체,https://www.saramin.co.kr/zf_user/jobs/relay/view?view_type=search&rec_idx=39774116&location=ts&searchword=golang&searchType=search&paid_fl=n&search_uuid=52afb0cb-2457-4c38-920b-1d61cc4697c1
[크몽] 데이터 플랫폼 엔지니어,(주)크몽,서울전체,https://www.saramin.co.kr/zf_user/jobs/relay/view?view_type=search&rec_idx=41651823&location=ts&searchword=golang&searchType=search&paid_fl=n&search_uuid=52afb0cb-2457-4c38-920b-1d61cc4697c1
서버개발자(Server Engineer),엔웨이코리아(주),서울전체,https://www.saramin.co.kr/zf_user/jobs/relay/view?view_type=search&rec_idx=41908051&location=ts&searchword=golang&searchType=search&paid_fl=n&search_uuid=272e0916-4f1a-4a35-b7f5-2fc9e37dfbd9
핀트(Fint) 서버 개발자,(주)디셈버앤컴퍼니자산운용,서울전체,https://www.saramin.co.kr/zf_user/jobs/relay/view?view_type=search&rec_idx=41709556&location=ts&searchword=golang&searchType=search&paid_fl=n&search_uuid=272e0916-4f1a-4a35-b7f5-2fc9e37dfbd9
"Backend Engineer, Cloud Platform- SRE + DevOps",(주)루닛,서울전체,https://www.saramin.co.kr/zf_user/jobs/relay/view?view_type=search&rec_idx=41973138&location=ts&searchword=golang&searchType=search&paid_fl=n&search_uuid=272e0916-4f1a-4a35-b7f5-2fc9e37dfbd9
클라우드/MSA/A.I. 플랫폼 개발자,시프트원(주),서울전체,https://www.saramin.co.kr/zf_user/jobs/relay/view?view_type=search&rec_idx=41441048&location=ts&searchword=golang&searchType=search&paid_fl=n&search_uuid=272e0916-4f1a-4a35-b7f5-2fc9e37dfbd9
[챌린저스 앱] 백엔드(서버) 개발자,(주)화이트큐브,서울전체,https://www.saramin.co.kr/zf_user/jobs/relay/view?view_type=search&rec_idx=41722419&location=ts&searchword=golang&searchType=search&paid_fl=n&search_uuid=272e0916-4f1a-4a35-b7f5-2fc9e37dfbd9
[RSK] Product Manager,(주)라쿠텐심포니코리아,서울전체,https://www.saramin.co.kr/zf_user/jobs/relay/view?view_type=search&rec_idx=40736122&location=ts&searchword=golang&searchType=search&paid_fl=n&search_uuid=272e0916-4f1a-4a35-b7f5-2fc9e37dfbd9
[PAY] 블록체인 개발자,(주)콰가,서울전체,https://www.saramin.co.kr/zf_user/jobs/relay/view?view_type=search&rec_idx=42336834&location=ts&searchword=golang&searchType=search&paid_fl=n&search_uuid=272e0916-4f1a-4a35-b7f5-2fc9e37dfbd9
[디지털금융] 개발 리드,(주)피어테크,서울전체,https://www.saramin.co.kr/zf_user/jobs/relay/view?view_type=search&rec_idx=42687599&location=ts&searchword=golang&searchType=search&paid_fl=n&search_uuid=272e0916-4f1a-4a35-b7f5-2fc9e37dfbd9
[디지털 금융] AWS Infra Engineer(인프라 엔지니어),(주)피어테크,서울전체,https://www.saramin.co.kr/zf_user/jobs/relay/view?view_type=search&rec_idx=42687404&location=ts&searchword=golang&searchType=search&paid_fl=n&search_uuid=272e0916-4f1a-4a35-b7f5-2fc9e37dfbd9
[InnovationX] Back-end Developer,(주)이노베이션엑스,서울전체,https://www.saramin.co.kr/zf_user/jobs/relay/view?view_type=search&rec_idx=42690795&location=ts&searchword=golang&searchType=search&paid_fl=n&search_uuid=272e0916-4f1a-4a35-b7f5-2fc9e37dfbd9
[UNNOTED] Software Engineer 채용,언노티드(유),서울,https://www.saramin.co.kr/zf_user/jobs/relay/view?view_type=search&rec_idx=43243362&location=ts&searchword=golang&searchType=search&paid_fl=n&search_uuid=272e0916-4f1a-4a35-b7f5-2fc9e37dfbd9
Backend Developer 백엔드 개발자 채용,주식회사 프라이데이즈랩,서울전체,https://www.saramin.co.kr/zf_user/jobs/relay/view?view_type=search&rec_idx=43242706&location=ts&searchword=golang&searchType=search&paid_fl=n&search_uuid=272e0916-4f1a-4a35-b7f5-2fc9e37dfbd9
[빅데이터 엔지니어] 빅데이터 Specialist로 성장해주실 분을 모집합니다.,(주)라이앤캐처스,서울전체,https://www.saramin.co.kr/zf_user/jobs/relay/view?view_type=search&rec_idx=42479466&location=ts&searchword=golang&searchType=search&paid_fl=n&search_uuid=272e0916-4f1a-4a35-b7f5-2fc9e37dfbd9
Back-end Engineer(KTS) 경력직,(주)카사코리아,서울전체,https://www.saramin.co.kr/zf_user/jobs/relay/view?view_type=search&rec_idx=42946534&location=ts&searchword=golang&searchType=search&paid_fl=n&search_uuid=272e0916-4f1a-4a35-b7f5-2fc9e37dfbd9
Backend Engineer 경력직 채용,(주)카사코리아,서울전체,https://www.saramin.co.kr/zf_user/jobs/relay/view?view_type=search&rec_idx=43133845&location=ts&searchword=golang&searchType=search&paid_fl=n&search_uuid=272e0916-4f1a-4a35-b7f5-2fc9e37dfbd9
[미니창고 다락] 백엔드 개발자,(주)세컨신드롬,서울전체,https://www.saramin.co.kr/zf_user/jobs/relay/view?view_type=search&rec_idx=42494421&location=ts&searchword=golang&searchType=search&paid_fl=n&search_uuid=272e0916-4f1a-4a35-b7f5-2fc9e37dfbd9
클라이언트 개발자 채용 공고,(주)제론소프트엔,서울,https://www.saramin.co.kr/zf_user/jobs/relay/view?view_type=search&rec_idx=42978176&location=ts&searchword=golang&searchType=search&paid_fl=n&search_uuid=272e0916-4f1a-4a35-b7f5-2fc9e37dfbd9
개발자 채용 공고,(주)제론소프트엔,서울,https://www.saramin.co.kr/zf_user/jobs/relay/view?view_type=search&rec_idx=43353032&location=ts&searchword=golang&searchType=search&paid_fl=n&search_uuid=272e0916-4f1a-4a35-b7f5-2fc9e37dfbd9
[모내기] Flutter 프론트엔드 개발자를 찾습니다.,(주)프레젤글로벌커넥션그룹,서울전체,https://www.saramin.co.kr/zf_user/jobs/relay/view?view_type=search&rec_idx=41340363&location=ts&searchword=golang&searchType=search&paid_fl=n&search_uuid=272e0916-4f1a-4a35-b7f5-2fc9e37dfbd9
백엔드 서버 개발자,(주)닷슬래시대시,서울전체,https://www.saramin.co.kr/zf_user/jobs/relay/view?view_type=search&rec_idx=41904155&location=ts&searchword=golang&searchType=search&paid_fl=n&search_uuid=272e0916-4f1a-4a35-b7f5-2fc9e37dfbd9
React 프론트엔드 개발자(경력),(주)빌리어네어즈,서울전체,https://www.saramin.co.kr/zf_user/jobs/relay/view?view_type=search&rec_idx=42124367&location=ts&searchword=golang&searchType=search&paid_fl=n&search_uuid=272e0916-4f1a-4a35-b7f5-2fc9e37dfbd9
[글로벌 OTT 서비스] Senior Backend Engineer,오디케이미디어,서울전체,https://www.saramin.co.kr/zf_user/jobs/relay/view?view_type=search&rec_idx=41431323&location=ts&searchword=golang&searchType=search&paid_fl=n&search_uuid=272e0916-4f1a-4a35-b7f5-2fc9e37dfbd9
Data Scientist (데이터 과학자),한국미소(유),서울전체,https://www.saramin.co.kr/zf_user/jobs/relay/view?view_type=search&rec_idx=41965519&location=ts&searchword=golang&searchType=search&paid_fl=n&search_uuid=272e0916-4f1a-4a35-b7f5-2fc9e37dfbd9
백엔드(Back-end) 개발자 채용,(주)빌리어네어즈,서울전체,https://www.saramin.co.kr/zf_user/jobs/relay/view?view_type=search&rec_idx=41313118&location=ts&searchword=golang&searchType=search&paid_fl=n&search_uuid=272e0916-4f1a-4a35-b7f5-2fc9e37dfbd9
Software Developer (Backend),한국미소(유),서울전체,https://www.saramin.co.kr/zf_user/jobs/relay/view?view_type=search&rec_idx=41965544&location=ts&searchword=golang&searchType=search&paid_fl=n&search_uuid=272e0916-4f1a-4a35-b7f5-2fc9e37dfbd9
DevOps Engineer 채용,(주)휴이노에임,서울전체,https://www.saramin.co.kr/zf_user/jobs/relay/view?view_type=search&rec_idx=43115225&location=ts&searchword=golang&searchType=search&paid_fl=n&search_uuid=272e0916-4f1a-4a35-b7f5-2fc9e37dfbd9
MLOps Engineer 채용,(주)휴이노에임,서울전체,https://www.saramin.co.kr/zf_user/jobs/relay/view?view_type=search&rec_idx=43115233&location=ts&searchword=golang&searchType=search&paid_fl=n&search_uuid=272e0916-4f1a-4a35-b7f5-2fc9e37dfbd9
[서울/강남] 웹 백엔드 개발자,위키에이드,서울,https://www.saramin.co.kr/zf_user/jobs/relay/view?view_type=search&rec_idx=43347624&location=ts&searchword=golang&searchType=search&paid_fl=n&search_uuid=272e0916-4f1a-4a35-b7f5-2fc9e37dfbd9
DBA,(주)클래스101,서울전체,https://www.saramin.co.kr/zf_user/jobs/relay/view?view_type=search&rec_idx=42757611&location=ts&searchword=golang&searchType=search&paid_fl=n&search_uuid=272e0916-4f1a-4a35-b7f5-2fc9e37dfbd9
[글로벌 협업플랫폼 Swit] 전직군 경력직 채용,(주)스윗코리아,서울,https://www.saramin.co.kr/zf_user/jobs/relay/view?view_type=search&rec_idx=43198575&location=ts&searchword=golang&searchType=search&paid_fl=n&search_uuid=272e0916-4f1a-4a35-b7f5-2fc9e37dfbd9
[기그] 백엔드 개발자 채용,(주)커넥트핏,서울전체,https://www.saramin.co.kr/zf_user/jobs/relay/view?view_type=search&rec_idx=41954164&location=ts&searchword=golang&searchType=search&paid_fl=n&search_uuid=272e0916-4f1a-4a35-b7f5-2fc9e37dfbd9
Back-end 포도알 서비스 백엔드 개발 인재채용,(주)시니스트,서울,https://www.saramin.co.kr/zf_user/jobs/relay/view?view_type=search&rec_idx=42794215&location=ts&searchword=golang&searchType=search&paid_fl=n&search_uuid=272e0916-4f1a-4a35-b7f5-2fc9e37dfbd9
머신러닝 엔지니어 인턴을 모집합니다,(주)몰로코,서울,https://www.saramin.co.kr/zf_user/jobs/relay/view?view_type=search&rec_idx=43308380&location=ts&searchword=golang&searchType=search&paid_fl=n&search_uuid=272e0916-4f1a-4a35-b7f5-2fc9e37dfbd9
암호화폐 월렛 서비스 백엔드 개발자,(주)안랩블록체인컴퍼니,경기,https://www.saramin.co.kr/zf_user/jobs/relay/view?view_type=search&rec_idx=43275668&location=ts&searchword=golang&searchType=search&paid_fl=n&search_uuid=272e0916-4f1a-4a35-b7f5-2fc9e37dfbd9
[스마트모빌리티 플랫폼] DevOps 엔지니어 채용,(주)휙고,서울,https://www.saramin.co.kr/zf_user/jobs/relay/view?view_type=search&rec_idx=43107934&location=ts&searchword=golang&searchType=search&paid_fl=n&search_uuid=272e0916-4f1a-4a35-b7f5-2fc9e37dfbd9
백엔드 정규직 채용 - 각 부문별,(주)와이리즘,서울,https://www.saramin.co.kr/zf_user/jobs/relay/view?view_type=search&rec_idx=43070762&location=ts&searchword=golang&searchType=search&paid_fl=n&search_uuid=272e0916-4f1a-4a35-b7f5-2fc9e37dfbd9
Senior Golang Backend Developer Freelance 100,cloudradar GmbH,N/A,https://remoteok.com/remote-jobs/111402-remote-senior-golang-backend-developer-freelance-100-cloudradar-gmbh
Golang Developer the US,Nav,US,https://remoteok.com/remote-jobs/111261-remote-golang-developer-the-us-nav
Backend Go Developer,Hunter.io,EU,https://remoteok.com/remote-jobs/110171-remote-backend-go-developer-hunter-io
Senior Ruby on Rails Developer,Hunter.io,EU,https://remoteok.com/remote-jobs/109368-remote-senior-ruby-on-rails-developer-hunter-io
Senior Backend Engineer,JustWatch,N/A,https://remoteok.com/remote-jobs/111371-remote-senior-backend-engineer-justwatch
Golang Developer,Alpine IQ,N/A,https://remoteok.com/remote-jobs/111307-remote-golang-developer-alpine-iq
Affiliate Manager,Close,Worldwide,https://remoteok.com/remote-jobs/111273-remote-affiliate-manager-close
Senior Software Engineer,Commit,CA,https://remoteok.com/remote-jobs/111143-remote-senior-software-engineer-commit
Anti Fraud Data Science Manager,Sendwave,"Remote - Belgium, Canada, France, Germany, Kenya, Poland, Senegal, UK, and US.",https://remoteok.com/remote-jobs/110852-remote-anti-fraud-data-science-manager-sendwave
System Architect,Tucows,Worldwide,https://remoteok.com/remote-jobs/110824-remote-system-architect-tucows
Senior Talent Acquisition Partner,RDX Works,Worldwide,https://remoteok.com/remote-jobs/110802-remote-senior-talent-acquisition-partner-rdx-works
Lead Developer Mobile Applications,RDX Works,Worldwide,https://remoteok.com/remote-jobs/110801-remote-lead-developer-mobile-applications-rdx-works
Senior Android Developer,RDX Works,Worldwide,https://remoteok.com/remote-jobs/110800-remote-senior-android-developer-rdx-works
Senior iOS Developer,RDX Works,Worldwide,https://remoteok.com/remote-jobs/110799-remote-senior-ios-developer-rdx-works
Senior Full Stack Developer,Commit,CA,https://remoteok.com/remote-jobs/110451-remote-senior-full-stack-developer-commit
Mid Senior React Developer,G2i,"Remote (Americas, Europe)",https://remoteok.com/remote-jobs/109794-remote-mid-senior-react-developer-g2i
Golang Engineer,Nav,N/A,https://remoteok.com/remote-jobs/111269-remote-golang-engineer-nav
Senior Golang Engineer,MessageBird,N/A,https://remoteok.com/remote-jobs/111258-remote-senior-golang-engineer-messagebird
Golang Backend Engineer,Mangtas,N/A,https://remoteok.com/remote-jobs/111232-remote-golang-backend-engineer-mangtas
Senior Software Engineer Tooling,JustWatch,N/A,https://remoteok.com/remote-jobs/111207-remote-senior-software-engineer-tooling-justwatch
Senior Golang Engineer,JustWatch,N/A,https://remoteok.com/remote-jobs/111206-remote-senior-golang-engineer-justwatch
Quality Assurance Engineer Software Hardware Golang Mixed Environment,Cellpoint Systems,N/A,https://remoteok.com/remote-jobs/111186-remote-qa-engineer-software-hardware-golang-mixed-environment-cellpoint-systems
Backend Developer Golang Shop,Rappi,[co] Bogot,https://remoteok.com/remote-jobs/111181-remote-backend-developer-golang-shop-rappi
Software Engineer,EasyPost.com,N/A,https://remoteok.com/remote-jobs/111153-remote-software-engineer-easypost-com
Systems Engineer,Automattic,N/A,https://remoteok.com/remote-jobs/111152-remote-systems-engineer-automattic
Lead Backend Developer Go Work Relocation EU,refurbed,N/A,https://remoteok.com/remote-jobs/111147-remote-lead-backend-developer-go-work-relocation-eu-refurbed
Senior Golang Developer Work Relocation EU,refurbed,N/A,https://remoteok.com/remote-jobs/111146-remote-senior-golang-developer-work-relocation-eu-refurbed
Senior Software Engineer,Goalbook,N/A,https://remoteok.com/remote-jobs/111095-remote-senior-software-engineer-goalbook
Software Engineer Full Stack Growth,Connectly,Remote-Greece,https://remoteok.com/remote-jobs/111059-remote-software-engineer-full-stack-growth-connectly
Senior Application Security Engineer,Tonal,"Austin, TX",https://remoteok.com/remote-jobs/111029-remote-senior-application-security-engineer-tonal
Senior Go Engineer Worldwide,Vistas Recruitment,N/A,https://remoteok.com/remote-jobs/111005-remote-senior-go-engineer-worldwide-vistas-recruitment
Go Software Engineer,Vistas Recruitment,N/A,https://remoteok.com/remote-jobs/111004-remote-go-software-engineer-vistas-recruitment
Software Engineer,EasyPost,N/A,https://remoteok.com/remote-jobs/111003-remote-software-engineer-easypost
Senior Software Engineer 100% UK EU Only,Form3,N/A,https://remoteok.com/remote-jobs/111002-remote-senior-software-engineer-100-uk-eu-only-form3
Senior Staff Software Engineer Poss,Vistas Recruitment,N/A,https://remoteok.com/remote-jobs/110993-remote-senior-staff-software-engineer-poss-vistas-recruitment
Director of Evangelism,Temporal Technologies Inc.,Within the United States,https://remoteok.com/remote-jobs/110986-remote-director-of-evangelism-temporal-technologies-inc
Developer Success Engineer,Temporal Technologies Inc.,Within the United States,https://remoteok.com/remote-jobs/110983-remote-developer-success-engineer-temporal-technologies-inc
Principal Golang Engineer,Nira,N/A,https://remoteok.com/remote-jobs/110962-remote-principal-golang-engineer-nira
Senior Full Stack Go Engineer,Flourish,N/A,https://remoteok.com/remote-jobs/110942-remote-senior-full-stack-go-engineer-flourish
Senior Golang Engineer,Verivest,N/A,https://remoteok.com/remote-jobs/110939-remote-senior-golang-engineer-verivest
Golang Developer,Binance,EU,https://remoteok.com/remote-jobs/110937-remote-golang-developer-binance
Senior Golang Developer,PKT Pal,N/A,https://remoteok.com/remote-jobs/110934-remote-senior-golang-developer-pkt-pal
Middle Senior Full Stack Engineer,Intetics Inc,Lviv,https://remoteok.com/remote-jobs/110910-remote-middle-senior-full-stack-engineer-intetics-inc
Senior Software Engineer,Moov,N/A,https://remoteok.com/remote-jobs/110900-remote-senior-software-engineer-moov
Senior Golang Developer,Mimobl,N/A,https://remoteok.com/remote-jobs/110896-remote-senior-golang-developer-mimobl
Senior Backend Engineer,Horizon,N/A,https://remoteok.com/remote-jobs/110843-remote-senior-backend-engineer-horizon
Senior Software Engineer Backend API,Pluto TV,N/A,https://remoteok.com/remote-jobs/110842-remote-senior-software-engineer-backend-api-pluto-tv
Senior Golang Engineer,api.video,N/A,https://remoteok.com/remote-jobs/110803-remote-senior-golang-engineer-api-video
Backend Engineer,GUTS Tickets,N/A,https://remoteok.com/remote-jobs/110767-remote-backend-engineer-guts-tickets
Software Engineer Golang Python Android Anbox Cloud,Canonical - Jobs,"Omaha, Nebraska, United States",https://remoteok.com/remote-jobs/110748-remote-software-engineer-golang-python-android-anbox-cloud-canonical-jobs
Golang Backend Engineer,Hors Normes,N/A,https://remoteok.com/remote-jobs/110726-remote-golang-backend-engineer-hors-normes
Senior Golang Engineer,GlobalLogic,N/A,https://remoteok.com/remote-jobs/110683-remote-senior-golang-engineer-globallogic
Software Engineer Market Data,Messari,"New York City, New York, United States",https://remoteok.com/remote-jobs/110522-remote-software-engineer-market-data-messari
Senior Go Developer,X Team,N/A,https://remoteok.com/remote-jobs/110470-remote-senior-go-developer-x-team
Lead Institutional Wallet Engineer,Ava Labs,"Brooklyn, New York, United States",https://remoteok.com/remote-jobs/110454-remote-lead-institutional-wallet-engineer-ava-labs
Senior Golang Engineer,Volume,N/A,https://remoteok.com/remote-jobs/110443-remote-senior-golang-engineer-volume
Staff Software Engineer,Nylas,CA,https://remoteok.com/remote-jobs/110371-remote-staff-software-engineer-nylas
Golang Developer,Alpine IQ,N/A,https://remoteok.com/remote-jobs/110303-remote-golang-developer-alpine-iq
Senior Golang Engineer,Verivest,N/A,https://remoteok.com/remote-jobs/110277-remote-senior-golang-engineer-verivest
Golang Backend Engineer,Hunter,N/A,https://remoteok.com/remote-jobs/110198-remote-golang-backend-engineer-hunter
Senior Backend Golang Developer,Rockbot,N/A,https://remoteok.com/remote-jobs/110129-remote-senior-backend-golang-developer-rockbot
Senior Golang Developer,CloudLinux,N/A,https://remoteok.com/remote-jobs/110096-remote-senior-golang-developer-cloudlinux
Junior Golang Engineer,Volume Finance,N/A,https://remoteok.com/remote-jobs/110022-remote-junior-golang-engineer-volume-finance
Golang Architect,OpenTag,N/A,https://remoteok.com/remote-jobs/110007-remote-golang-architect-opentag
Experienced Golang Developer,Peercoin Foundation,N/A,https://remoteok.com/remote-jobs/109995-remote-experienced-golang-developer-peercoin-foundation
Backend Developer,Toggl,N/A,https://remoteok.com/remote-jobs/109993-remote-backend-developer-toggl
Platform Software Engineer,Lytics,N/A,https://remoteok.com/remote-jobs/109954-remote-platform-software-engineer-lytics
Senior Data Engineer,Lytics,N/A,https://remoteok.com/remote-jobs/109953-remote-senior-data-engineer-lytics
Senior Software Engineer Opportunity,MaxMind,N/A,https://remoteok.com/remote-jobs/109949-remote-senior-software-engineer-opportunity-maxmind
Senior Software Developer Go Language,Unify Dots,N/A,https://remoteok.com/remote-jobs/109907-remote-senior-software-developer-go-language-unify-dots
Go Developer,Vonage,N/A,https://remoteok.com/remote-jobs/109875-remote-go-developer-vonage
Senior Golang Backend Developer,eGroup,N/A,https://remoteok.com/remote-jobs/109842-remote-senior-golang-backend-developer-egroup
Senior Software Engineer Core Indexing,Figment,N/A,https://remoteok.com/remote-jobs/109818-remote-senior-software-engineer-core-indexing-figment
Senior API Engineer,Gigs,N/A,https://remoteok.com/remote-jobs/109748-remote-senior-api-engineer-gigs
Backend Developer,Xsolla,N/A,https://remoteok.com/remote-jobs/109722-remote-backend-developer-xsolla
Go Engineer,Vistas Recruitment,N/A,https://remoteok.com/remote-jobs/109684-remote-go-engineer-vistas-recruitment
Golang Backend Engineer,Mangtas,N/A,https://remoteok.com/remote-jobs/109667-remote-golang-backend-engineer-mangtas
Senior Golang Engineer,MessageBird,N/A,https://remoteok.com/remote-jobs/109666-remote-senior-golang-engineer-messagebird
Go Software Engineer,mx51,N/A,https://remoteok.com/remote-jobs/109659-remote-go-software-engineer-mx51
Senior Software Engineer Sec Ops,Slack,"Dallas, US",https://remoteok.com/remote-jobs/109585-remote-senior-software-engineer-sec-ops-slack
Staff Software Engineer Platform,Lob,N/A,https://remoteok.com/remote-jobs/109521-remote-staff-software-engineer-platform-lob
Senior Software Engineer,Iterative,N/A,https://remoteok.com/remote-jobs/109480-remote-senior-software-engineer-iterative
Principal Software Engineer Data Scientist,Cardlytics,N/A,https://remoteok.com/remote-jobs/109456-remote-principal-software-engineer-data-scientist-cardlytics
Senior Software Engineer,Udo,N/A,https://remoteok.com/remote-jobs/109452-remote-senior-software-engineer-udo
Senior Backend Engineer Golang,Teylor,N/A,https://remoteok.com/remote-jobs/109451-remote-senior-backend-engineer-golang-teylor
Senior Backend Engineer,Vistas Recruitment,N/A,https://remoteok.com/remote-jobs/109433-remote-senior-backend-engineer-vistas-recruitment
Senior Software Engineer,DomainTools,N/A,https://remoteok.com/remote-jobs/109432-remote-senior-software-engineer-domaintools
Principal Go Software Engineer,Vistas Recruitment,N/A,https://remoteok.com/remote-jobs/109396-remote-principal-go-software-engineer-vistas-recruitment
Backend Engineer Cloud Security Apis Go,Pangea,N/A,https://remoteok.com/remote-jobs/109391-remote-backend-engineer-cloud-security-apis-go-pangea
Senior Software Engineer Cloud,O.C. Tanner,N/A,https://remoteok.com/remote-jobs/109390-remote-senior-software-engineer-cloud-o-c-tanner
Senior Software Engineer,Security Onion Solutions,N/A,https://remoteok.com/remote-jobs/109389-remote-senior-software-engineer-security-onion-solutions
Senior Golang Backend Engineer,Zeta Global,N/A,https://remoteok.com/remote-jobs/109344-remote-senior-golang-backend-engineer-zeta-global
Golang Blockchain Developer,Decentral,N/A,https://remoteok.com/remote-jobs/109339-remote-golang-blockchain-developer-decentral
Senior Golang Microservices Developer for Modern Cloud Platform,Goget AB,N/A,https://remoteok.com/remote-jobs/109338-remote-senior-golang-microservices-developer-for-modern-cloud-platform-goget-ab
Backend Developer,Synthro,N/A,https://remoteok.com/remote-jobs/109272-remote-backend-developer-synthro
Android Software Engineer,Contentsquare,France,https://remoteok.com/remote-jobs/109245-remote-android-software-engineer-contentsquare
Principal Software Engineer Applied Science Data Science,Cardlytics,N/A,https://remoteok.com/remote-jobs/109197-remote-principal-software-engineer-applied-science-data-science-cardlytics
Senior Software Engineer,NTWRK,N/A,https://remoteok.com/remote-jobs/109175-remote-senior-software-engineer-ntwrk
Principal Software Engineer Ads Marketplace,Cardlytics,N/A,https://remoteok.com/remote-jobs/109174-remote-principal-software-engineer-ads-marketplace-cardlytics
Senior Golang Developer,Tell ya later,N/A,https://remoteok.com/remote-jobs/109161-remote-senior-golang-developer-tell-ya-later
Senior Go Backend Developer,refurbed,N/A,https://remoteok.com/remote-jobs/109141-remote-senior-go-backend-developer-refurbed
Lead Backend Developer Go,refurbed,N/A,https://remoteok.com/remote-jobs/109140-remote-lead-backend-developer-go-refurbed
Technical Lead for Go Backend Team,Casana GmbH,N/A,https://remoteok.com/remote-jobs/109107-remote-technical-lead-for-go-backend-team-casana-gmbh
Go Programmer with Passion Code & Learn Join Our Experienced Team & Work Based on Your Timezone,CYZA,N/A,https://remoteok.com/remote-jobs/109061-remote-go-programmer-with-passion-code-learn-join-our-experienced-team-work-based-on-your-timezone-cyza
Core Developer,Spacemesh,N/A,https://remoteok.com/remote-jobs/109042-remote-core-developer-spacemesh
Golang Developers,Volcanic Internet,N/A,https://remoteok.com/remote-jobs/109034-remote-golang-developers-volcanic-internet
Software Engineer,Ambassador Labs,N/A,https://remoteok.com/remote-jobs/109016-remote-software-engineer-ambassador-labs
Platform Engineer,Mux,N/A,https://remoteok.com/remote-jobs/109002-remote-platform-engineer-mux
Software Engineer Golang,Koalafi,N/A,https://remoteok.com/remote-jobs/109001-remote-software-engineer-golang-koalafi
Golang Backend Engineer,Juni,N/A,https://remoteok.com/remote-jobs/108805-remote-golang-backend-engineer-juni
Lead Software Developer Go,Dyspatch,N/A,https://remoteok.com/remote-jobs/108697-remote-lead-software-developer-go-dyspatch
Backend Engineer Europe,Vistas Recruitment,EU-only,https://remoteok.com/remote-jobs/108690-remote-backend-engineer-europe-vistas-recruitment
Senior Backend Engineer,LootLocker,N/A,https://remoteok.com/remote-jobs/108689-remote-senior-backend-engineer-lootlocker
Go Programmer with Passion Code & Learn Join Our Experienced Team & Work Your Timezone,Cyza,N/A,https://remoteok.com/remote-jobs/108677-remote-go-programmer-with-passion-code-learn-join-our-experienced-team-work-your-timezone-cyza
Backend Engineer,Docker,N/A,https://remoteok.com/remote-jobs/108666-remote-backend-engineer-docker
Cloud Platform Engineer,fortrabbit,N/A,https://remoteok.com/remote-jobs/108656-remote-cloud-platform-engineer-fortrabbit
Senior Backend Engineer Go Cryptowatch,Kraken,N/A,https://remoteok.com/remote-jobs/108562-remote-senior-backend-engineer-go-cryptowatch-kraken
Software Engineer Golang,Vistas Recruitment,N/A,https://remoteok.com/remote-jobs/108551-remote-software-engineer-golang-vistas-recruitment
Senior Backend Engineer,Monzo,N/A,https://remoteok.com/remote-jobs/108550-remote-senior-backend-engineer-monzo
Golang Engineer,VolumeFi,N/A,https://remoteok.com/remote-jobs/108549-remote-golang-engineer-volumefi
Cloud Developer,IDT,N/A,https://remoteok.com/remote-jobs/108530-remote-cloud-developer-idt
Senior Backend Engineer,Phil,N/A,https://remoteok.com/remote-jobs/108456-remote-senior-backend-engineer-phil
Senior Backend Engineer,Dapper Labs,N/A,https://remoteok.com/remote-jobs/108449-remote-senior-backend-engineer-dapper-labs
Senior Backend Engineer,Pulsar Informatics,N/A,https://remoteok.com/remote-jobs/108445-remote-senior-backend-engineer-pulsar-informatics
Backend Software Engineer Amsterdam,Stream,N/A,https://remoteok.com/remote-jobs/108444-remote-backend-software-engineer-amsterdam-stream
Senior Software Engineer Backend,Moov Financial,N/A,https://remoteok.com/remote-jobs/108443-remote-senior-software-engineer-backend-moov-financial
Senior Golang Developer,MachShip,N/A,https://remoteok.com/remote-jobs/108435-remote-senior-golang-developer-machship
Senior Backend Software Engineer,Teleport,N/A,https://remoteok.com/remote-jobs/108390-remote-senior-backend-software-engineer-teleport
Data Engineer,Knoetic,N/A,https://remoteok.com/remote-jobs/108384-remote-data-engineer-knoetic
Senior Software Engineer,Proof,N/A,https://remoteok.com/remote-jobs/108378-remote-senior-software-engineer-proof
Senior Software Engineer 100% UK EU Only,Form3,N/A,https://remoteok.com/remote-jobs/108357-remote-senior-software-engineer-100-uk-eu-only-form3
Golang Software Engineer,Go Tek Professional Go Recruitment,N/A,https://remoteok.com/remote-jobs/108335-remote-golang-software-engineer-go-tek-professional-go-recruitment
Senior Golang Engineer,Bestow,N/A,https://remoteok.com/remote-jobs/108321-remote-senior-golang-engineer-bestow
Golang Engineer,Diet Doctor,N/A,https://remoteok.com/remote-jobs/108320-remote-golang-engineer-diet-doctor
Backend Engineer & Freelancers,Qonto,N/A,https://remoteok.com/remote-jobs/108319-remote-backend-engineer-freelancers-qonto
Full Stack Engineer,Shipyard,N/A,https://remoteok.com/remote-jobs/108298-remote-full-stack-engineer-shipyard
Backend Engineer,Stytch,N/A,https://remoteok.com/remote-jobs/108281-remote-backend-engineer-stytch
Senior Go Backend Developer,Hubuc,N/A,https://remoteok.com/remote-jobs/108202-remote-senior-go-backend-developer-hubuc
Backend Engineer Go,tutti.ch,N/A,https://remoteok.com/remote-jobs/108201-remote-backend-engineer-go-tutti-ch
Senior Software Engineer,Coins.ph,N/A,https://remoteok.com/remote-jobs/108200-remote-senior-software-engineer-coins-ph
Senior Backend Engineer,Plexy,N/A,https://remoteok.com/remote-jobs/108196-remote-senior-backend-engineer-plexy
Senior Golang Developer,Vistas Recruitment,N/A,https://remoteok.com/remote-jobs/108194-remote-senior-golang-developer-vistas-recruitment
Senior Software Engineer Back End,VORTO,N/A,https://remoteok.com/remote-jobs/108183-remote-senior-software-engineer-back-end-vorto
Senior Software Engineer Full Stack,VORTO,N/A,https://remoteok.com/remote-jobs/108182-remote-senior-software-engineer-full-stack-vorto
Senior Golang Backend Developer,Casana GmbH,N/A,https://remoteok.com/remote-jobs/108175-remote-senior-golang-backend-developer-casana-gmbh
Backend Engineer Golang,GetGround,N/A,https://remoteok.com/remote-jobs/108130-remote-backend-engineer-golang-getground
Senior Software Engineer,BuildBuddy,N/A,https://remoteok.com/remote-jobs/108077-remote-senior-software-engineer-buildbuddy
Go Programmers with Passion Code Join Our Misssion & Seasoned Team,CYZA,N/A,https://remoteok.com/remote-jobs/108076-remote-go-programmers-with-passion-code-join-our-misssion-seasoned-team-cyza
Go Programmers with Passion Code Join Our Seasoned Team,CYZA,N/A,https://remoteok.com/remote-jobs/108048-remote-go-programmers-with-passion-code-join-our-seasoned-team-cyza
Senior Software Engineer,Oden Technologies,N/A,https://remoteok.com/remote-jobs/108030-remote-senior-software-engineer-oden-technologies
Senior Golang Developer for a Gaming Startup,7 of D,N/A,https://remoteok.com/remote-jobs/108025-remote-senior-golang-developer-for-a-gaming-startup-7-of-d
Senior Software Engineer,Zuva,N/A,https://remoteok.com/remote-jobs/108014-remote-senior-software-engineer-zuva
Go Programmers,CYZA,N/A,https://remoteok.com/remote-jobs/107998-remote-go-programmers-cyza
Senior Golang Developer,Rollee,N/A,https://remoteok.com/remote-jobs/107990-remote-senior-golang-developer-rollee
Senior Cloud Software Engineer,The Wild,N/A,https://remoteok.com/remote-jobs/107957-remote-senior-cloud-software-engineer-the-wild
Senior Software Engineer Backend,Mojito,N/A,https://remoteok.com/remote-jobs/107956-remote-senior-software-engineer-backend-mojito
Backend Software Engineer,GRAX,N/A,https://remoteok.com/remote-jobs/107947-remote-backend-software-engineer-grax
Golang Backend Engineer,NEKOM CC Gmbh,N/A,https://remoteok.com/remote-jobs/107942-remote-golang-backend-engineer-nekom-cc-gmbh
Senior Go Engineer,Vistas Recruitment,N/A,https://remoteok.com/remote-jobs/107860-remote-senior-go-engineer-vistas-recruitment
Lead Senior Go Developer,Vistas Recruitment,N/A,https://remoteok.com/remote-jobs/107774-remote-lead-senior-go-developer-vistas-recruitment
Go Developer,LEAP Encryption Access Project,N/A,https://remoteok.com/remote-jobs/107766-remote-go-developer-leap-encryption-access-project
Senior Software Engineer,BlueLabs Software,N/A,https://remoteok.com/remote-jobs/107733-remote-senior-software-engineer-bluelabs-software
Senior Software Engineer,CyberArk,N/A,https://remoteok.com/remote-jobs/107682-remote-senior-software-engineer-cyberark
Go Software Engineer,Vistas Recruitment,N/A,https://remoteok.com/remote-jobs/107658-remote-go-software-engineer-vistas-recruitment
Backend Engineer,Replicated,N/A,https://remoteok.com/remote-jobs/107655-remote-backend-engineer-replicated
Golang JavaScript Developer for Fairdrive Protocol,Swarm Associaton,N/A,https://remoteok.com/remote-jobs/107646-remote-golang-js-developer-for-fairdrive-protocol-swarm-associaton
Senior Software Engineer Backend,Reddit,N/A,https://remoteok.com/remote-jobs/107636-remote-senior-software-engineer-backend-reddit
Dveloppeur Back End Go,Rohde & Schwarz Cybersecurity,N/A,https://remoteok.com/remote-jobs/107611-remote-developpeur-back-end-go-rohde-schwarz-cybersecurity
Senior Full Stack Engineer,Admiral,N/A,https://remoteok.com/remote-jobs/107594-remote-senior-full-stack-engineer-admiral
Junior Golang Software Developer,Doozer Real Estate Systems GmbH,N/A,https://remoteok.com/remote-jobs/107589-remote-junior-golang-software-developer-doozer-real-estate-systems-gmbh
Product Security Engineer,MaxMind,N/A,https://remoteok.com/remote-jobs/107548-remote-product-security-engineer-maxmind
Site Reliability Engineer,MaxMind,N/A,https://remoteok.com/remote-jobs/107538-remote-site-reliability-engineer-maxmind
Senior Lead Engineer,Vistas Recruitment,N/A,https://remoteok.com/remote-jobs/107528-remote-senior-lead-engineer-vistas-recruitment
Backend Golang Engineer,WalletConnect,N/A,https://remoteok.com/remote-jobs/107488-remote-backend-golang-engineer-walletconnect
Full Stack Engineer,Causal,N/A,https://remoteok.com/remote-jobs/107475-remote-full-stack-engineer-causal
Senior Software Engineer,Ferrum Health,N/A,https://remoteok.com/remote-jobs/107444-remote-senior-software-engineer-ferrum-health
Senior Golang Software Engineer,Humn.ai,N/A,https://remoteok.com/remote-jobs/107402-remote-senior-golang-software-engineer-humn-ai
Senior Software Engineer,Zero Hash,N/A,https://remoteok.com/remote-jobs/107390-remote-senior-software-engineer-zero-hash
Go Engineer London,Vistas Recruitment,N/A,https://remoteok.com/remote-jobs/107376-remote-go-engineer-london-vistas-recruitment
Senior Backend Engineer,Recursive Rebels,N/A,https://remoteok.com/remote-jobs/107375-remote-senior-backend-engineer-recursive-rebels
Lead Golang Engineer,JustWatch GmbH,N/A,https://remoteok.com/remote-jobs/107273-remote-lead-golang-engineer-justwatch-gmbh
Senior Software Engineer,Rumble,N/A,https://remoteok.com/remote-jobs/107262-remote-senior-software-engineer-rumble
Back End Go Developer,Precisely AB,N/A,https://remoteok.com/remote-jobs/107242-remote-back-end-go-developer-precisely-ab
Dveloppeur Fullstack Golang C H F,Ringover,N/A,https://remoteok.com/remote-jobs/107236-remote-developpeur-fullstack-golang-c-h-f-ringover
Software Engineer Opportunity,MaxMind,N/A,https://remoteok.com/remote-jobs/107222-remote-software-engineer-opportunity-maxmind
Golang Developer,Catapult Solutions Group,N/A,https://remoteok.com/remote-jobs/107200-remote-golang-developer-catapult-solutions-group
Senior Software Development Engineer Test,Panther Labs,US,https://remoteok.com/remote-jobs/107134-remote-senior-software-development-engineer-test-panther-labs
Senior Full Stack Engineer,Rumble,N/A,https://remoteok.com/remote-jobs/107114-remote-senior-full-stack-engineer-rumble
Software Engineer,Alpaca,N/A,https://remoteok.com/remote-jobs/107103-remote-software-engineer-alpaca
Backend Golang Developer,NetRise,N/A,https://remoteok.com/remote-jobs/107073-remote-backend-golang-developer-netrise
Backend Developer Golang,Paessler AG,N/A,https://remoteok.com/remote-jobs/107063-remote-backend-developer-golang-paessler-ag
Backend Developer Golang,Bearer,N/A,https://remoteok.com/remote-jobs/107045-remote-backend-developer-golang-bearer
Golang Backend Engineer,Carla,N/A,https://remoteok.com/remote-jobs/106999-remote-golang-backend-engineer-carla
Endpoint Engineer,Kolide,N/A,https://remoteok.com/remote-jobs/106964-remote-endpoint-engineer-kolide
Senior Software Engineer Advanced Cluster Security,Red Hat,N/A,https://remoteok.com/remote-jobs/106937-remote-senior-software-engineer-advanced-cluster-security-red-hat
Senior Golang Developer,Randlabs,N/A,https://remoteok.com/remote-jobs/106936-remote-senior-golang-developer-randlabs
Senior Golang Backend Engineer,Fiskil,N/A,https://remoteok.com/remote-jobs/106854-remote-senior-golang-backend-engineer-fiskil
Sr Platform Backend Lead Engineer,Benzinga,N/A,https://remoteok.com/remote-jobs/106853-remote-sr-platform-backend-lead-engineer-benzinga
Backend Engineer,Vistas Recruitment,N/A,https://remoteok.com/remote-jobs/106843-remote-backend-engineer-vistas-recruitment
Go Developer,Confio GmbH,N/A,https://remoteok.com/remote-jobs/106832-remote-go-developer-confio-gmbh
Backend Engineer,ChartMogul,N/A,https://remoteok.com/remote-jobs/106828-remote-backend-engineer-chartmogul
Senior Software Engineer,Circle,N/A,https://remoteok.com/remote-jobs/106822-remote-senior-software-engineer-circle
Cloud Backend Engineer,Pachyderm,N/A,https://remoteok.com/remote-jobs/106808-remote-cloud-backend-engineer-pachyderm
Golang Kubernetes Developer,EDB,N/A,https://remoteok.com/remote-jobs/106797-remote-golang-kubernetes-developer-edb
Quality Advisor Buyers,ManoMano,Paris 75017,https://remoteok.com/remote-jobs/106743-remote-quality-advisor-buyers-manomano
Senior Golang Engineer,Rialtic,N/A,https://remoteok.com/remote-jobs/106740-remote-senior-golang-engineer-rialtic
Principal Senior Staff Backend Engineer Within The US Office,Nav,N/A,https://remoteok.com/remote-jobs/106739-remote-principal-senior-staff-backend-engineer-within-the-us-office-nav
Senior Software Engineer,RStudio,N/A,https://remoteok.com/remote-jobs/106706-remote-senior-software-engineer-rstudio
Principal Engineer Golang,PerformLine,N/A,https://remoteok.com/remote-jobs/106705-remote-principal-engineer-golang-performline
Software Developer C C++ Go,Acronis,"Sofia, Bulgaria",https://remoteok.com/remote-jobs/106674-remote-software-developer-c-c-go-acronis
Full Stack Engineer,Second Spectrum,N/A,https://remoteok.com/remote-jobs/106636-remote-full-stack-engineer-second-spectrum
Senior Software Engineer,strongDM,N/A,https://remoteok.com/remote-jobs/106632-remote-senior-software-engineer-strongdm
Senior Go Engineer Fully,Vistas Recruitment,N/A,https://remoteok.com/remote-jobs/106626-remote-senior-go-engineer-fully-vistas-recruitment
Senior Backend Engineer,Mailchain,N/A,https://remoteok.com/remote-jobs/106625-remote-senior-backend-engineer-mailchain
Backend Engineer,Gitlab,N/A,https://remoteok.com/remote-jobs/106605-remote-backend-engineer-gitlab
Senior Software Engineer Kubernetes,Pulumi,N/A,https://remoteok.com/remote-jobs/106586-remote-senior-software-engineer-kubernetes-pulumi
Go Software Developer,Mindera,N/A,https://remoteok.com/remote-jobs/106582-remote-go-software-developer-mindera
Lead Golang Engineer,Network Gaming,N/A,https://remoteok.com/remote-jobs/106559-remote-lead-golang-engineer-network-gaming
Senior Software Engineer Platform,Doximity,N/A,https://remoteok.com/remote-jobs/106538-remote-senior-software-engineer-platform-doximity
Lead Blockchain Developer,ixo.world,N/A,https://remoteok.com/remote-jobs/106527-remote-lead-blockchain-developer-ixo-world
Lead Backend Engineer,JustWatch GmbH,N/A,https://remoteok.com/remote-jobs/106526-remote-lead-backend-engineer-justwatch-gmbh
Platform Engineer,Replit,Global (Overlap 4 Hours with US Pacific Time),https://remoteok.com/remote-jobs/106498-remote-platform-engineer-replit
Software Engineer Internal Tooling,FullStory,N/A,https://remoteok.com/remote-jobs/106482-remote-software-engineer-internal-tooling-fullstory
Principal Software Engineer,Splice,N/A,https://remoteok.com/remote-jobs/106481-remote-principal-software-engineer-splice
Senior Backend Engineer Payments,Monzo,"London, England, United Kingdom",https://remoteok.com/remote-jobs/106465-remote-senior-backend-engineer-payments-monzo
Software Engineer Golang Rust & Kubernetes,Silico,UK-only,https://remoteok.com/remote-jobs/106456-remote-software-engineer-golang-rust-kubernetes-silico
Senior Data Engineer,Fast,San Francisco or Remote,https://remoteok.com/remote-jobs/106446-remote-senior-data-engineer-fast
DevOps,MonoLets,N/A,https://remoteok.com/remote-jobs/106434-remote-devops-monolets
Golang Backend Engineer,Horsnormes.co,N/A,https://remoteok.com/remote-jobs/106408-remote-golang-backend-engineer-horsnormes-co
Senior Software Engineer,Caring.com,N/A,https://remoteok.com/remote-jobs/106400-remote-senior-software-engineer-caring-com
Senior Software Engineer Golang Typescript,Chainlink Labs,N/A,https://remoteok.com/remote-jobs/106384-remote-senior-software-engineer-golang-typescript-chainlink-labs
Software Engineer Video,Mux,N/A,https://remoteok.com/remote-jobs/106320-remote-software-engineer-video-mux
Senior Software Engineer,Alternative,N/A,https://remoteok.com/remote-jobs/106315-remote-senior-software-engineer-alternative
Senior Go Engineer,Level,N/A,https://remoteok.com/remote-jobs/106295-remote-senior-go-engineer-level
Senior Full Stack Engineer,Vistas Recruitment,N/A,https://remoteok.com/remote-jobs/106259-remote-senior-full-stack-engineer-vistas-recruitment
Principal Software Engineer,Bishop Fox,N/A,https://remoteok.com/remote-jobs/106241-remote-principal-software-engineer-bishop-fox
Golang Back End Developer,Imaginary Cloud,N/A,https://remoteok.com/remote-jobs/106228-remote-golang-back-end-developer-imaginary-cloud
Back End Engineer,Oscatel,N/A,https://remoteok.com/remote-jobs/106183-remote-back-end-engineer-oscatel
Software Engineer,Redeam,N/A,https://remoteok.com/remote-jobs/106173-remote-software-engineer-redeam
Back End Development Team Lead,Twixl,N/A,https://remoteok.com/remote-jobs/106160-remote-back-end-development-team-lead-twixl
Senior Software Engineer,PacketFabric,N/A,https://remoteok.com/remote-jobs/106155-remote-senior-software-engineer-packetfabric
Golang Senior Software Engineer,Agentero,N/A,https://remoteok.com/remote-jobs/106154-remote-golang-senior-software-engineer-agentero
Staff Software Engineer Traffic Foundation,Walmart Global Tech,N/A,https://remoteok.com/remote-jobs/106118-remote-staff-software-engineer-traffic-foundation-walmart-global-tech
Blockchain Core Developer,Spacemesh,N/A,https://remoteok.com/remote-jobs/106106-remote-blockchain-core-developer-spacemesh
Senior Software Engineer,Cape Privacy,N/A,https://remoteok.com/remote-jobs/106086-remote-senior-software-engineer-cape-privacy
Senior Go Backend Developer,Sketch,N/A,https://remoteok.com/remote-jobs/106071-remote-senior-go-backend-developer-sketch
Backend Software Engineer,Teleport,N/A,https://remoteok.com/remote-jobs/106051-remote-backend-software-engineer-teleport
Senior Golang Backend Developer Freelance 100,cloudradar GmbH,N/A,https://remoteok.com/remote-jobs/106042-remote-senior-golang-backend-developer-freelance-100-cloudradar-gmbh
Senior Software Engineer,SumUp,N/A,https://remoteok.com/remote-jobs/106025-remote-senior-software-engineer-sumup
System Engineer,Cookie.AI,N/A,https://remoteok.com/remote-jobs/105952-remote-system-engineer-cookie-ai
Back End Software Engineer,nesto,N/A,https://remoteok.com/remote-jobs/105931-remote-back-end-software-engineer-nesto
Fullstack Developer,Toggl Hire,N/A,https://remoteok.com/remote-jobs/105926-remote-fullstack-developer-toggl-hire
Software Engineer Integrations,WellHive,N/A,https://remoteok.com/remote-jobs/105922-remote-software-engineer-integrations-wellhive
Senior Backend Engineer,Beat,N/A,https://remoteok.com/remote-jobs/105921-remote-senior-backend-engineer-beat
Back End Web Developer Golang,Big Nerd Ranch,N/A,https://remoteok.com/remote-jobs/105860-remote-back-end-web-developer-golang-big-nerd-ranch
Senior Golang Backend Engineer,Verivest,N/A,https://remoteok.com/remote-jobs/105859-remote-senior-golang-backend-engineer-verivest
Senior Backend Developer,gridX GmbH,N/A,https://remoteok.com/remote-jobs/105854-remote-senior-backend-developer-gridx-gmbh
Go Backend Engineer,Gravwell,N/A,https://remoteok.com/remote-jobs/105849-remote-go-backend-engineer-gravwell
Senior Software Engineer,Algorand,N/A,https://remoteok.com/remote-jobs/105844-remote-senior-software-engineer-algorand
Software Engineer,Spacelift,N/A,https://remoteok.com/remote-jobs/105839-remote-software-engineer-spacelift
DevOps SRE,Platform.sh,N/A,https://remoteok.com/remote-jobs/105838-remote-devops-sre-platform-sh
Senior Software Engineer,JHA Banno,N/A,https://remoteok.com/remote-jobs/105827-remote-senior-software-engineer-jha-banno
BE Golang Engineer,Averity,N/A,https://remoteok.com/remote-jobs/105728-remote-be-golang-engineer-averity
Software Engineer,BitClout,N/A,https://remoteok.com/remote-jobs/105716-remote-software-engineer-bitclout
Golang Engineer,Clinical Trial Media,N/A,https://remoteok.com/remote-jobs/105707-remote-golang-engineer-clinical-trial-media
Senior Software Engineer,Vistas Recruitment,UK-only,https://remoteok.com/remote-jobs/105695-remote-senior-software-engineer-vistas-recruitment
Senior Golang Engineer,Clinical Trial Media,N/A,https://remoteok.com/remote-jobs/105691-remote-senior-golang-engineer-clinical-trial-media
Rust Golang Typescript Solidity Devs,ChainSafe Systems,N/A,https://remoteok.com/remote-jobs/105666-remote-rust-golang-typescript-solidity-devs-chainsafe-systems
Senior Golang Backend Engineer,Rollee,N/A,https://remoteok.com/remote-jobs/105646-remote-senior-golang-backend-engineer-rollee
Fullstack Engineer,Paessler AG,N/A,https://remoteok.com/remote-jobs/105615-remote-fullstack-engineer-paessler-ag
Senior Golang Engineer,LTK,N/A,https://remoteok.com/remote-jobs/105546-remote-senior-golang-engineer-ltk
Senior Software Engineer,Weaveworks,N/A,https://remoteok.com/remote-jobs/105520-remote-senior-software-engineer-weaveworks
Senior Go Engineer,LiveControl,N/A,https://remoteok.com/remote-jobs/105515-remote-senior-go-engineer-livecontrol
Backend Software Engineer,Fugue,N/A,https://remoteok.com/remote-jobs/105514-remote-backend-software-engineer-fugue
Full Stack Engineer Part,Vistas Recruitment,N/A,https://remoteok.com/remote-jobs/105474-remote-full-stack-engineer-part-vistas-recruitment
Backend Engineer,Cuvva,N/A,https://remoteok.com/remote-jobs/105473-remote-backend-engineer-cuvva
Senior Backend Engineer Go 100,Clevertech,N/A,https://remoteok.com/remote-jobs/105469-remote-senior-backend-engineer-go-100-clevertech
Senior Go Engineer,Equilibrium,N/A,https://remoteok.com/remote-jobs/105437-remote-senior-go-engineer-equilibrium
Backend Developers,Traefik Labs,N/A,https://remoteok.com/remote-jobs/105433-remote-backend-developers-traefik-labs
Front End Developer,Traefik Labs,N/A,https://remoteok.com/remote-jobs/105431-remote-front-end-developer-traefik-labs
Platform Engineer,Traefik Labs,N/A,https://remoteok.com/remote-jobs/105428-remote-platform-engineer-traefik-labs
Cloud Platform Engineer,Berops,N/A,https://remoteok.com/remote-jobs/105383-remote-cloud-platform-engineer-berops
Senior Software Engineer 100% East Canada Time Zones,Form3,N/A,https://remoteok.com/remote-jobs/105340-remote-senior-software-engineer-100-east-canada-time-zones-form3
Senior Software Engineer 100% East Canada,Form3,N/A,https://remoteok.com/remote-jobs/105325-remote-senior-software-engineer-100-east-canada-form3
Senior Software Engineer 100% Canada,Form3,N/A,https://remoteok.com/remote-jobs/105270-remote-senior-software-engineer-100-canada-form3
Senior Software Engineer Consul Ecosystem,HashiCorp,N/A,https://remoteok.com/remote-jobs/105269-remote-senior-software-engineer-consul-ecosystem-hashicorp
Go Engineer,Openly,N/A,https://remoteok.com/remote-jobs/105178-remote-go-engineer-openly
Software Engineer Backend,GRAX,N/A,https://remoteok.com/remote-jobs/105102-remote-software-engineer-backend-grax
Software Engineer Go Distributed Systems,Canonical,N/A,https://remoteok.com/remote-jobs/105066-remote-software-engineer-go-distributed-systems-canonical
Senior Software Engineer US Canada,MaxMind,N/A,https://remoteok.com/remote-jobs/105065-remote-senior-software-engineer-us-canada-maxmind
Senior DevOps Engineer,Vistas Recruitment,N/A,https://remoteok.com/remote-jobs/105052-remote-senior-devops-engineer-vistas-recruitment
Senior Software Engineer,Form3,N/A,https://remoteok.com/remote-jobs/105051-remote-senior-software-engineer-form3
Golang Software Engineer,Percona,N/A,https://remoteok.com/remote-jobs/104965-remote-golang-software-engineer-percona
Fullstack Engineer,Teleport,N/A,https://remoteok.com/remote-jobs/104955-remote-fullstack-engineer-teleport
GO Senior Back End Developer,Artella,N/A,https://remoteok.com/remote-jobs/104897-remote-go-senior-back-end-developer-artella
Senior Software Engineer,MessageBird,N/A,https://remoteok.com/remote-jobs/104893-remote-senior-software-engineer-messagebird
Senior Golang Engineer,Cake Software,N/A,https://remoteok.com/remote-jobs/104892-remote-senior-golang-engineer-cake-software
Software Engineer,BlueLabs,N/A,https://remoteok.com/remote-jobs/104889-remote-software-engineer-bluelabs
Software Engineer Go,Juni Technology AB,N/A,https://remoteok.com/remote-jobs/104884-remote-software-engineer-go-juni-technology-ab
Platform Backend Engineer,Berops,N/A,https://remoteok.com/remote-jobs/104668-remote-platform-backend-engineer-berops
Senior Backend Engineer,Savvy,N/A,https://remoteok.com/remote-jobs/104661-remote-senior-backend-engineer-savvy
DevOps Engineer,Vistas Recruitment,N/A,https://remoteok.com/remote-jobs/104637-remote-devops-engineer-vistas-recruitment
Senior Software Engineer,elblox ag,N/A,https://remoteok.com/remote-jobs/104627-remote-senior-software-engineer-elblox-ag
Backend Engineers,Vistas Recruitment,N/A,https://remoteok.com/remote-jobs/104621-remote-backend-engineers-vistas-recruitment
Full Stack Engineer Learn Go,Oscatel,N/A,https://remoteok.com/remote-jobs/104606-remote-full-stack-engineer-learn-go-oscatel
Golang Engineer,Facet Wealth,USA Only,https://weworkremotely.com/remote-jobs/facet-wealth-golang-engineer
Golang Software Developer,"Upstack Technologies, Inc.",Americas Only/Europe Only,https://weworkremotely.com/remote-jobs/upstack-technologies-inc-golang-software-developer
Senior Software Engineer- Golang,GoDaddy,USA Only,https://weworkremotely.com/remote-jobs/godaddy-senior-software-engineer-golang-1
Golang Developer with DevOps experience (B2B SaaS scale-up),Ecochain Technologies,Europe Only,https://weworkremotely.com/remote-jobs/ecochain-technologies-golang-developer-with-devops-experience-b2b-saas-scale-up
"Senior Software Engineer, Golang",Chainlink Labs,Anywhere in the World,https://weworkremotely.com/remote-jobs/chainlink-labs-senior-software-engineer-golang-2
